area,bathrooms,bedrooms,condo,parking_spots,price,suites,type,lat,lon
20.0,0.0,0.0,0.0,0.0,1500000.0,0.0,other,-5.7861054,-35.1991274
276.0,1.0,6.0,0.0,6.0,265000.0,3.0,house,-5.8576398,-35.2014489
54.0,2.0,2.0,350.0,1.0,210000.0,1.0,apartment,-5.8226937,-35.2126403
165.0,2.0,4.0,1200.0,4.0,1065000.0,3.0,apartment,-5.8032096,-35.2002054
125.0,2.0,0.0,500.0,2.0,600000.0,3.0,apartment,-5.8437235,-35.2214483
200.0,0.0,0.0,500.0,0.0,370000.0,0.0,other,-5.8546786,-35.2475918
175.0,5.0,3.0,1000.0,3.0,800000.0,3.0,apartment,-5.8365991,-35.2139684
1800.0,0.0,0.0,0.0,0.0,600000.0,0.0,other,-5.7233255,-35.2614748
43.0,0.0,1.0,0.0,1.0,390000.0,1.0,other,-5.8739084,-35.1877543
87.0,1.0,3.0,470.0,2.0,450000.0,1.0,apartment,-5.8437235,-35.2214483
400.0,0.0,0.0,0.0,10.0,650000.0,0.0,other,-5.8862742,-35.1655031
230.0,5.0,3.0,1015.0,3.0,1350000.0,2.0,other,-5.8999907,-35.1759866
53.0,1.0,2.0,220.0,1.0,135000.0,1.0,apartment,-5.8521764,-35.2568875
55.0,1.0,2.0,210.0,1.0,110000.0,0.0,apartment,-5.8768735,-35.2236066
266.0,5.0,6.0,0.0,3.0,530000.0,4.0,house,-5.8624143,-35.1967263
20.0,0.0,0.0,0.0,0.0,120000.0,0.0,other,-5.8226937,-35.2126403
86.0,0.0,3.0,410.0,1.0,180000.0,1.0,apartment,-5.8032096,-35.2002054
200.0,0.0,4.0,0.0,6.0,470000.0,4.0,house,-5.8576398,-35.2014489
100.0,0.0,3.0,700.0,0.0,330000.0,0.0,apartment,-5.7978488,-35.2092207
250.0,1.0,4.0,0.0,3.0,450000.0,4.0,house,-5.8576398,-35.2014489
215.0,4.0,3.0,0.0,1.0,750000.0,3.0,house,-5.8576398,-35.2014489
300.0,1.0,3.0,0.0,3.0,1270000.0,2.0,other,-5.7845495,-35.1984438
55.0,0.0,2.0,230.0,1.0,110000.0,0.0,apartment,-5.8768735,-35.2236066
56.0,1.0,2.0,0.0,1.0,230000.0,1.0,apartment,-5.8576398,-35.2014489
252.0,4.0,4.0,0.0,4.0,1500000.0,3.0,apartment,-5.7856518,-35.1913817
95.0,2.0,0.0,390.0,2.0,440000.0,2.0,apartment,-5.8032096,-35.2002054
11.0,1.0,3.0,0.0,3.0,370000.0,2.0,apartment,0.0,0.0
55.0,0.0,2.0,0.0,1.0,110000.0,0.0,apartment,-5.8521764,-35.2568875
55.0,1.0,2.0,0.0,1.0,230000.0,1.0,apartment,-5.8821365,-35.1722172
180.0,3.0,4.0,0.0,6.0,600000.0,0.0,house,-5.8821365,-35.1722172
94.0,3.0,3.0,480.0,0.0,340000.0,1.0,apartment,-5.8897065,-35.1728883
340.0,5.0,6.0,0.0,3.0,550000.0,4.0,house,0.0,0.0
4000.0,0.0,0.0,0.0,0.0,700000.0,0.0,other,0.0,0.0
84.0,2.0,3.0,310.0,2.0,390000.0,1.0,apartment,-5.8796695,-35.1973555
56.0,1.0,2.0,0.0,1.0,300000.0,1.0,apartment,-5.8032096,-35.2002054
160.0,1.0,3.0,0.0,3.0,280000.0,0.0,house,-5.8546786,-35.2475918
305.0,4.0,0.0,0.0,4.0,2500000.0,4.0,apartment,-5.8437235,-35.2214483
430.0,0.0,0.0,0.0,0.0,395000.0,0.0,other,-5.8226937,-35.2126403
473.0,0.0,0.0,0.0,0.0,750000.0,0.0,other,-5.8821365,-35.1722172
109.0,1.0,4.0,0.0,2.0,559503.0,2.0,apartment,-5.8576398,-35.2014489
195.0,1.0,3.0,1200.0,3.0,850000.0,3.0,apartment,-5.8226937,-35.2126403
240.0,0.0,4.0,1700.0,3.0,850000.0,3.0,apartment,-5.8032096,-35.2002054
192.0,4.0,4.0,1800.0,4.0,800000.0,3.0,apartment,-5.7856518,-35.1913817
56.0,2.0,2.0,0.0,1.0,244093.0,1.0,apartment,-5.8237538,-35.2125088
94.0,1.0,3.0,330.0,0.0,450000.0,2.0,apartment,-5.8821365,-35.1722172
57.0,2.0,2.0,300.0,0.0,200000.0,1.0,apartment,-5.8576398,-35.2014489
214.0,1.0,4.0,0.0,2.0,410000.0,1.0,house,-5.8666079,-35.2088062
185.0,1.0,3.0,1000.0,2.0,400000.0,1.0,apartment,-5.8032096,-35.2002054
57.0,1.0,2.0,0.0,1.0,245000.0,1.0,apartment,-5.8032096,-35.2002054
123.0,4.0,4.0,670.0,2.0,730000.0,2.0,apartment,-5.8576398,-35.2014489
198.0,2.0,3.0,0.0,2.0,690000.0,1.0,other,-5.8576398,-35.2014489
60.0,1.0,2.0,350.0,1.0,165000.0,0.0,apartment,-5.7978488,-35.2092207
99.0,3.0,3.0,0.0,2.0,428000.0,1.0,apartment,-5.8576398,-35.2014489
170.0,0.0,3.0,0.0,6.0,460000.0,1.0,house,-5.7372347,-35.2360433
89.0,1.0,2.0,0.0,1.0,305000.0,1.0,apartment,-5.7869014,-35.1902633
107.0,3.0,3.0,648.0,2.0,515000.0,1.0,apartment,-5.866287,-35.1917372
280.0,0.0,3.0,1900.0,3.0,800000.0,3.0,apartment,-5.8226937,-35.2126403
102.0,2.0,3.0,600.0,2.0,580000.0,1.0,apartment,-5.8821365,-35.1722172
285.0,5.0,3.0,0.0,4.0,530000.0,3.0,house,-5.8437235,-35.2214483
60.0,0.0,2.0,390.0,1.0,350000.0,1.0,apartment,-5.8032096,-35.2002054
56.0,2.0,2.0,0.0,1.0,240000.0,1.0,apartment,-5.8088697,-35.199618
289.0,6.0,4.0,1700.0,3.0,800000.0,4.0,apartment,-5.8437235,-35.2214483
55.0,1.0,0.0,0.0,1.0,250000.0,2.0,apartment,-5.7845495,-35.1984438
46.0,1.0,2.0,0.0,1.0,210000.0,0.0,other,-5.8821365,-35.1722172
135.0,4.0,3.0,0.0,2.0,370000.0,1.0,house,-5.8437235,-35.2214483
100.0,3.0,3.0,700.0,2.0,400000.0,1.0,apartment,-5.805398,-35.2080905
56.0,2.0,2.0,0.0,1.0,270000.0,1.0,apartment,-5.8821365,-35.1722172
44.0,1.0,0.0,0.0,1.0,396000.0,0.0,other,-5.8226937,-35.2126403
96.0,1.0,3.0,0.0,2.0,350000.0,1.0,apartment,-5.7978488,-35.2092207
80.0,3.0,3.0,790.0,2.0,280000.0,1.0,apartment,-5.8269204,-35.1985475
321.0,4.0,5.0,0.0,2.0,650000.0,3.0,house,-5.8821365,-35.1722172
160.0,2.0,3.0,0.0,2.0,439000.0,1.0,apartment,0.0,0.0
168.0,3.0,4.0,0.0,6.0,250000.0,1.0,other,-5.8613713,-35.2096731
105.0,3.0,3.0,0.0,2.0,200000.0,1.0,apartment,-5.8010185,-35.2078485
57.0,1.0,2.0,275.0,0.0,175000.0,1.0,apartment,-5.8821365,-35.1722172
191.0,3.0,3.0,0.0,3.0,370000.0,1.0,house,-5.841172,-35.205787
214.0,4.0,4.0,0.0,2.0,550000.0,3.0,house,-5.8624143,-35.1967263
165.0,2.0,0.0,0.0,3.0,1050000.0,3.0,apartment,-5.8032096,-35.2002054
275.0,0.0,4.0,0.0,2.0,590000.0,2.0,house,-5.8821365,-35.1722172
80.0,1.0,3.0,450.0,2.0,240000.0,1.0,apartment,-5.8226937,-35.2126403
500.0,6.0,7.0,0.0,10.0,850000.0,3.0,house,-5.8576398,-35.2014489
75.0,2.0,3.0,0.0,2.0,312000.0,1.0,apartment,-5.7767142,-35.2062156
542.0,6.0,4.0,0.0,6.0,1400000.0,4.0,house,-5.8468407,-35.2186408
60.0,1.0,2.0,0.0,1.0,207480.0,1.0,apartment,-5.8089827,-35.2272512
390.0,5.0,5.0,0.0,6.0,420000.0,2.0,house,-5.8223725,-35.2044225
214.0,1.0,2.0,0.0,0.0,560000.0,0.0,other,-5.8089827,-35.2272512
95.0,1.0,3.0,0.0,2.0,305000.0,1.0,apartment,-5.8032096,-35.2002054
500.0,0.0,8.0,0.0,6.0,790000.0,8.0,other,-5.88039875,-35.1783103
58.0,1.0,2.0,450.0,1.0,210000.0,0.0,apartment,-5.8576398,-35.2014489
77.0,2.0,3.0,0.0,1.0,290000.0,2.0,apartment,-5.8600136,-35.1998189
214.0,5.0,4.0,0.0,3.0,1100000.0,4.0,apartment,-5.7767142,-35.2062156
320.0,3.0,0.0,0.0,3.0,2500000.0,0.0,other,-5.8226937,-35.2126403
270.0,3.0,0.0,0.0,10.0,300000.0,0.0,other,0.0,0.0
237.0,5.0,5.0,2000.0,3.0,730000.0,4.0,apartment,0.0,0.0
69.0,2.0,3.0,250.0,1.0,165000.0,0.0,apartment,-5.8431967,-35.2124468
64.0,2.0,2.0,315.0,0.0,349000.0,1.0,apartment,-5.8636826,-35.2153349
265.0,0.0,4.0,750.0,4.0,1500000.0,4.0,apartment,-5.7869014,-35.1902633
370.0,0.0,0.0,0.0,5.0,2800000.0,4.0,apartment,-5.7845495,-35.1984438
61.0,1.0,3.0,80.0,1.0,150000.0,0.0,apartment,-5.8576398,-35.2014489
289.0,6.0,4.0,0.0,4.0,2400000.0,4.0,apartment,-5.7845495,-35.1984438
103.0,1.0,3.0,0.0,2.0,635000.0,1.0,apartment,-5.7870581,-35.1983806
56.0,2.0,3.0,0.0,1.0,250000.0,1.0,apartment,-5.8199511,-35.1991541
111.0,4.0,3.0,800.0,2.0,680000.0,2.0,apartment,-5.8032096,-35.2002054
98.0,0.0,4.0,0.0,2.0,480000.0,2.0,apartment,-5.8576398,-35.2014489
152.0,3.0,3.0,1000.0,2.0,590000.0,1.0,apartment,-5.7845495,-35.1984438
60.0,2.0,2.0,385.0,1.0,160000.0,1.0,apartment,-5.8833757,-35.1810368
220.0,1.0,3.0,0.0,4.0,320000.0,2.0,house,-5.8633093,-35.2324324
161.0,2.0,4.0,0.0,2.0,590000.0,2.0,apartment,-5.8032096,-35.2002054
103.0,1.0,3.0,0.0,2.0,480000.0,1.0,apartment,-5.7845495,-35.1984438
14000.0,15.0,15.0,0.0,6.0,3000000.0,15.0,other,-5.8821365,-35.1722172
73.0,1.0,3.0,0.0,1.0,255000.0,1.0,apartment,-5.8032096,-35.2002054
156.0,4.0,3.0,0.0,5.0,750000.0,3.0,house,-5.8827627,-35.1762694
196.0,5.0,4.0,1000.0,4.0,1280000.0,3.0,apartment,-5.8624754,-35.1935607
55.0,2.0,2.0,240.0,0.0,259000.0,1.0,apartment,-5.8627911,-35.1994162
82.0,3.0,2.0,375.0,1.0,398000.0,2.0,apartment,-5.8738039,-35.1815727
58.0,2.0,2.0,0.0,1.0,146000.0,1.0,apartment,-5.8088697,-35.199618
122.0,3.0,3.0,822.0,2.0,340000.0,1.0,apartment,-5.8032096,-35.2002054
224.0,4.0,4.0,0.0,2.0,600000.0,3.0,house,-5.8624143,-35.1967263
97.0,2.0,3.0,0.0,2.0,450000.0,1.0,apartment,-5.8576398,-35.2014489
193.0,4.0,4.0,0.0,4.0,650000.0,1.0,house,-5.8626739,-35.1941835
400.0,0.0,0.0,610.0,0.0,400000.0,0.0,other,-5.8821365,-35.1722172
76.0,2.0,3.0,0.0,2.0,403000.0,1.0,apartment,-5.8032096,-35.2002054
60.0,2.0,2.0,326.0,0.0,349000.0,1.0,apartment,-5.8999907,-35.1759866
89.0,1.0,3.0,0.0,1.0,470000.0,1.0,apartment,-5.8032096,-35.2002054
230.0,3.0,3.0,0.0,2.0,350000.0,2.0,house,-5.8208715,-35.2232428
56.0,2.0,2.0,0.0,0.0,390000.0,1.0,apartment,-5.8821365,-35.1722172
449.0,1.0,4.0,2500.0,4.0,3300000.0,4.0,apartment,-5.7845495,-35.1984438
277.0,1.0,3.0,0.0,2.0,750000.0,1.0,house,-5.8576398,-35.2014489
947.0,0.0,0.0,0.0,0.0,2200000.0,0.0,other,-5.8226937,-35.2126403
63.0,1.0,2.0,250.0,1.0,130000.0,0.0,apartment,-5.8437235,-35.2214483
56.0,0.0,2.0,0.0,1.0,230000.0,1.0,apartment,-5.8437235,-35.2214483
150.0,4.0,4.0,1260.0,3.0,550000.0,3.0,apartment,-5.830929,-35.2195447
55.0,2.0,2.0,625.0,1.0,350000.0,1.0,apartment,0.0,0.0
82.0,2.0,3.0,330.0,1.0,225000.0,2.0,apartment,0.0,0.0
87.0,1.0,3.0,600.0,2.0,220000.0,1.0,apartment,-5.8032096,-35.2002054
179.0,2.0,2.0,0.0,4.0,450000.0,1.0,house,-5.8674286,-35.1966683
160.0,1.0,4.0,0.0,4.0,400000.0,1.0,house,-5.8633093,-35.2324324
176.0,1.0,3.0,0.0,1.0,550000.0,1.0,house,-5.8226937,-35.2126403
169.0,5.0,3.0,1500.0,2.0,500000.0,3.0,apartment,-5.8209603,-35.2182387
85.0,2.0,3.0,500.0,1.0,279900.0,1.0,apartment,-5.8640599,-35.196594
58.0,1.0,2.0,400.0,1.0,229000.0,1.0,apartment,-5.8603397,-35.2094385
58.0,1.0,2.0,270.0,1.0,95000.0,0.0,apartment,-5.8521764,-35.2568875
406.0,5.0,4.0,0.0,4.0,2499000.0,4.0,apartment,-5.7869014,-35.1902633
197.0,4.0,4.0,0.0,5.0,550000.0,2.0,house,-5.8269204,-35.1985475
136.0,4.0,4.0,1193.0,2.0,530000.0,3.0,apartment,0.0,0.0
54.0,2.0,2.0,266.0,1.0,230000.0,1.0,apartment,-5.8174362,-35.2313961
523.0,0.0,0.0,0.0,0.0,350000.0,0.0,other,-5.7978488,-35.2092207
56.0,2.0,2.0,230.0,1.0,240000.0,1.0,apartment,-5.8821365,-35.1722172
128.0,3.0,3.0,0.0,2.0,320000.0,1.0,house,-5.8669449,-35.2016666
96.0,2.0,3.0,0.0,1.0,390000.0,1.0,apartment,-5.8437235,-35.2214483
55.0,1.0,1.0,900.0,2.0,120000.0,1.0,apartment,-5.7789823,-35.194817
152.0,3.0,3.0,0.0,4.0,194000.0,2.0,house,-5.8666079,-35.2088062
75.0,1.0,3.0,0.0,2.0,250000.0,1.0,apartment,-5.7767142,-35.2062156
66.0,2.0,3.0,0.0,2.0,299000.0,1.0,apartment,-5.8576398,-35.2014489
103.0,1.0,3.0,0.0,2.0,438000.0,1.0,apartment,-5.8032096,-35.2002054
75.0,1.0,3.0,400.0,2.0,380000.0,1.0,apartment,-5.8666079,-35.2088062
79.0,2.0,3.0,0.0,2.0,440000.0,1.0,apartment,-5.8821365,-35.1722172
160.0,1.0,3.0,1400.0,2.0,400000.0,2.0,apartment,-5.8032096,-35.2002054
278.0,4.0,3.0,0.0,4.0,629900.0,3.0,house,-5.8469472,-35.2007131
150.0,0.0,0.0,0.0,4.0,600000.0,0.0,other,-5.7884681,-35.1981252
200.0,2.0,3.0,0.0,4.0,250000.0,1.0,house,-5.8633093,-35.2324324
83.0,1.0,3.0,500.0,1.0,290000.0,1.0,apartment,-5.8576398,-35.2014489
56.0,1.0,2.0,0.0,1.0,260000.0,1.0,apartment,-5.8032096,-35.2002054
300.0,8.0,6.0,0.0,10.0,449000.0,6.0,other,-5.7824772,-35.2060029
193.0,4.0,3.0,0.0,4.0,390000.0,1.0,house,-5.8559951,-35.2043315
109.0,3.0,3.0,745.0,2.0,480000.0,1.0,apartment,-5.8821365,-35.1722172
85.0,1.0,3.0,0.0,1.0,290000.0,1.0,apartment,-5.8576398,-35.2014489
248.0,5.0,4.0,690.0,4.0,1500000.0,3.0,house,0.0,0.0
144.0,4.0,0.0,650.0,2.0,550000.0,3.0,apartment,-5.7856388,-35.20926
203.0,5.0,3.0,0.0,4.0,1400000.0,3.0,apartment,-5.8032096,-35.2002054
56.0,2.0,2.0,200.0,1.0,155000.0,1.0,apartment,-5.8821365,-35.1722172
43.0,1.0,2.0,280.0,1.0,130000.0,0.0,apartment,-5.8842657,-35.1736846
298.0,5.0,5.0,0.0,3.0,600000.0,4.0,house,-5.8618005,-35.197517
197.0,4.0,3.0,450.0,2.0,650000.0,3.0,house,-5.8633093,-35.2324324
56.0,2.0,2.0,485.0,1.0,150000.0,1.0,other,-5.8821365,-35.1722172
289.0,5.0,4.0,1300.0,4.0,1100000.0,4.0,apartment,-5.8437235,-35.2214483
119.0,1.0,3.0,677.0,2.0,485000.0,2.0,apartment,-5.7845495,-35.1984438
100.0,3.0,3.0,0.0,1.0,95000.0,2.0,house,-5.7372347,-35.2360433
245.0,0.0,0.0,0.0,6.0,600000.0,0.0,other,-5.8315087,-35.2252825
87.0,1.0,3.0,0.0,1.0,240000.0,1.0,apartment,-5.7845495,-35.1984438
53.0,2.0,2.0,480.0,1.0,190000.0,2.0,apartment,-5.8576398,-35.2014489
229.0,1.0,3.0,0.0,2.0,650000.0,1.0,house,-5.8226937,-35.2126403
15.0,2.0,0.0,0.0,0.0,120000.0,0.0,other,-5.7884681,-35.1981252
50.0,0.0,2.0,50.0,1.0,130000.0,1.0,apartment,-5.8633093,-35.2324324
53.0,1.0,2.0,252.0,1.0,145000.0,1.0,apartment,0.0,0.0
300.0,4.0,4.0,0.0,4.0,350000.0,3.0,house,0.0,0.0
96.0,3.0,3.0,0.0,2.0,180000.0,1.0,apartment,-5.8253734,-35.2113637
168.0,4.0,3.0,700.0,2.0,550000.0,3.0,apartment,-5.8032096,-35.2002054
362.0,4.0,0.0,0.0,0.0,1500000.0,0.0,other,-5.7505819,-35.253447
57.0,1.0,2.0,0.0,2.0,110000.0,0.0,apartment,-5.8666079,-35.2088062
67.0,1.0,2.0,370.0,1.0,270000.0,1.0,apartment,-5.8576398,-35.2014489
56.0,1.0,2.0,350.0,1.0,255000.0,1.0,apartment,-5.8226937,-35.2126403
550.0,10.0,10.0,0.0,4.0,1500000.0,10.0,other,-5.8821365,-35.1722172
68.0,1.0,2.0,500.0,1.0,150000.0,0.0,apartment,-5.8437235,-35.2214483
130.0,2.0,4.0,0.0,4.0,300000.0,1.0,house,-5.8633093,-35.2324324
56.0,1.0,2.0,450.0,1.0,200000.0,1.0,apartment,-5.7845495,-35.1984438
108.0,2.0,3.0,740.0,2.0,440000.0,3.0,apartment,-5.8032096,-35.2002054
188.0,4.0,4.0,0.0,4.0,1250000.0,3.0,apartment,-5.8032096,-35.2002054
97.0,3.0,3.0,700.0,2.0,430000.0,1.0,apartment,-5.8226937,-35.2126403
146.0,2.0,2.0,0.0,2.0,269000.0,1.0,house,-5.8263231,-35.2177609
34.0,1.0,1.0,0.0,1.0,160000.0,1.0,other,-5.8730875,-35.1800373
166.0,6.0,4.0,994.0,3.0,1154000.0,4.0,apartment,-5.8183494,-35.2088601
130.0,2.0,3.0,0.0,3.0,270000.0,1.0,house,-5.8553113,-35.2420898
56.0,1.0,2.0,263.0,1.0,250000.0,1.0,apartment,-5.8437235,-35.2214483
450.0,3.0,4.0,10.0,4.0,500000.0,3.0,house,-5.8673414,-35.1906071
94.0,2.0,3.0,350.0,1.0,229000.0,1.0,apartment,-5.8477276,-35.2130915
98.0,1.0,3.0,820.0,2.0,399000.0,2.0,apartment,-5.8576398,-35.2014489
112.0,1.0,3.0,0.0,2.0,580000.0,2.0,apartment,-5.8032096,-35.2002054
80.0,2.0,3.0,0.0,1.0,250000.0,1.0,apartment,-5.8576398,-35.2014489
80.0,3.0,3.0,515.0,2.0,550000.0,1.0,apartment,-5.8032096,-35.2002054
96.0,2.0,3.0,945.0,2.0,450000.0,1.0,apartment,-5.8576398,-35.2014489
40.0,1.0,2.0,1117.0,1.0,250000.0,1.0,apartment,-5.8821365,-35.1722172
98.0,1.0,3.0,550.0,2.0,500000.0,2.0,apartment,-5.8164277,-35.2116397
60.0,2.0,2.0,250.0,1.0,225000.0,1.0,apartment,0.0,0.0
94.0,1.0,3.0,480.0,2.0,350000.0,1.0,apartment,-5.8821365,-35.1722172
630.0,0.0,0.0,0.0,0.0,450000.0,0.0,other,-5.8226937,-35.2126403
196.0,1.0,4.0,1200.0,4.0,1500000.0,3.0,apartment,-5.8576398,-35.2014489
115.0,1.0,2.0,0.0,1.0,250000.0,1.0,apartment,-5.7978488,-35.2092207
50.0,1.0,2.0,0.0,1.0,100000.0,0.0,apartment,-5.8768735,-35.2236066
240.0,1.0,5.0,0.0,8.0,400000.0,2.0,house,-5.8546786,-35.2475918
322.0,4.0,4.0,0.0,4.0,500000.0,4.0,house,-5.8827627,-35.1762694
93.0,0.0,3.0,0.0,0.0,440000.0,1.0,apartment,-5.7845495,-35.1984438
163.0,4.0,4.0,1125.0,2.0,530000.0,2.0,apartment,-5.8032096,-35.2002054
78.0,1.0,3.0,0.0,2.0,270000.0,1.0,apartment,-5.8437235,-35.2214483
57.0,2.0,2.0,420.0,1.0,250000.0,1.0,apartment,-5.8032096,-35.2002054
80.0,1.0,3.0,0.0,2.0,175000.0,1.0,apartment,-5.8269204,-35.1985475
57.0,2.0,2.0,420.0,1.0,260000.0,1.0,apartment,-5.8032096,-35.2002054
56.0,2.0,2.0,330.0,1.0,260000.0,1.0,apartment,0.0,0.0
56.0,2.0,2.0,350.0,1.0,232000.0,1.0,apartment,0.0,0.0
92.0,3.0,3.0,500.0,2.0,465000.0,3.0,apartment,-5.8576398,-35.2014489
124.0,0.0,2.0,650.0,0.0,989000.0,1.0,other,-5.8821365,-35.1722172
132.0,2.0,2.0,0.0,2.0,100000.0,1.0,house,-5.726315,-35.2043922
170.0,6.0,5.0,0.0,4.0,1010000.0,4.0,apartment,-5.7988797,-35.2188577
80.0,2.0,2.0,234.0,1.0,230000.0,1.0,apartment,-5.8821365,-35.1722172
350.0,2.0,3.0,0.0,4.0,260000.0,1.0,house,-5.8666079,-35.2088062
95.0,3.0,3.0,0.0,2.0,420000.0,1.0,apartment,-5.8640599,-35.196594
70.0,1.0,3.0,0.0,1.0,200000.0,1.0,apartment,-5.7978488,-35.2092207
58.0,2.0,2.0,550.0,2.0,256000.0,1.0,apartment,-5.8652613,-35.1962325
774.0,0.0,0.0,0.0,0.0,350000.0,0.0,other,-5.8821365,-35.1722172
196.0,2.0,2.0,0.0,2.0,1250000.0,1.0,apartment,-5.8437235,-35.2214483
64.0,2.0,2.0,270.0,1.0,274000.0,1.0,apartment,-5.8636826,-35.2153349
50.0,1.0,0.0,0.0,1.0,250000.0,0.0,other,-5.8285731,-35.2233856
100.0,1.0,3.0,592.0,2.0,440000.0,1.0,apartment,-5.8032096,-35.2002054
137.0,4.0,4.0,1193.0,2.0,700000.0,3.0,apartment,0.0,0.0
55.0,2.0,2.0,350.0,2.0,230000.0,1.0,apartment,-5.8640599,-35.196594
57.0,1.0,1.0,140.0,1.0,115000.0,0.0,apartment,-5.8624754,-35.1935607
250.0,5.0,4.0,0.0,4.0,1350000.0,4.0,apartment,-5.7845495,-35.1984438
55.0,2.0,1.0,350.0,2.0,230000.0,1.0,apartment,-5.8640599,-35.196594
300.0,1.0,3.0,0.0,2.0,450000.0,1.0,house,-5.8210719,-35.2240349
102.0,1.0,3.0,1100.0,2.0,330000.0,1.0,apartment,-5.7845495,-35.1984438
130.0,1.0,3.0,0.0,2.0,360000.0,1.0,apartment,-5.7845495,-35.1984438
74.0,1.0,3.0,0.0,1.0,270000.0,1.0,apartment,-5.8032096,-35.2002054
196.0,5.0,4.0,1050.0,3.0,1490000.0,3.0,apartment,-5.8624754,-35.1935607
58.0,1.0,2.0,268.0,1.0,130000.0,0.0,apartment,-5.8576398,-35.2014489
114.0,0.0,3.0,0.0,2.0,722467.0,3.0,apartment,-5.8226937,-35.2126403
42.0,1.0,1.0,0.0,1.0,123000.0,0.0,apartment,0.0,0.0
106.0,2.0,3.0,451.0,2.0,200000.0,1.0,apartment,-5.831613,-35.2197975
374.0,5.0,4.0,1500.0,3.0,750000.0,3.0,apartment,-5.8032096,-35.2002054
190.0,1.0,3.0,0.0,2.0,650000.0,1.0,apartment,-5.8032096,-35.2002054
98.0,4.0,4.0,610.0,2.0,390000.0,3.0,apartment,-5.8650038,-35.1933903
208.0,2.0,2.0,840.0,2.0,900000.0,1.0,apartment,-5.8437235,-35.2214483
120.0,0.0,3.0,705.0,3.0,450000.0,3.0,apartment,-5.7978488,-35.2092207
30.0,0.0,0.0,0.0,0.0,120000.0,0.0,other,-5.8126859,-35.2084239
54.0,2.0,2.0,490.0,1.0,235000.0,1.0,apartment,-5.8821365,-35.1722172
89.0,2.0,3.0,300.0,2.0,190000.0,1.0,apartment,-5.8032096,-35.2002054
67.0,2.0,2.0,256.0,1.0,300000.0,1.0,apartment,-5.8636826,-35.2153349
196.0,5.0,4.0,0.0,3.0,1650000.0,3.0,apartment,-5.8624754,-35.1935607
313.0,0.0,5.0,1300.0,3.0,1100000.0,4.0,apartment,-5.8372462,-35.2137906
375.0,0.0,3.0,0.0,4.0,620000.0,3.0,house,-5.8576398,-35.2014489
75.0,2.0,3.0,560.0,1.0,275000.0,1.0,apartment,-5.8661059,-35.2056886
110.0,2.0,3.0,745.0,2.0,400000.0,1.0,apartment,-5.8821365,-35.1722172
67.0,2.0,2.0,450.0,1.0,189000.0,1.0,apartment,-5.8606852,-35.1989537
750.0,0.0,0.0,0.0,0.0,2500000.0,0.0,other,-5.8032096,-35.2002054
115.0,0.0,3.0,650.0,0.0,550000.0,3.0,apartment,-5.8226937,-35.2126403
39.0,1.0,1.0,1164.0,1.0,199000.0,0.0,other,-5.8730875,-35.1800373
56.0,1.0,2.0,0.0,1.0,169000.0,1.0,apartment,-5.8821365,-35.1722172
56.0,2.0,2.0,450.0,1.0,250000.0,1.0,apartment,-5.8080765,-35.2057924
56.0,2.0,2.0,220.0,1.0,110000.0,0.0,apartment,0.0,0.0
240.0,5.0,4.0,1200.0,3.0,1350000.0,2.0,apartment,-5.7845495,-35.1984438
217.0,5.0,3.0,1700.0,3.0,800000.0,3.0,apartment,-5.8032096,-35.2002054
255.0,5.0,4.0,0.0,3.0,830000.0,4.0,apartment,-5.8437235,-35.2214483
198.0,4.0,3.0,1500.0,3.0,750000.0,3.0,apartment,0.0,0.0
80.0,1.0,3.0,450.0,1.0,248000.0,1.0,apartment,-5.8226937,-35.2126403
3600.0,0.0,0.0,0.0,0.0,1200000.0,0.0,other,-5.8821365,-35.1722172
57.0,1.0,1.0,350.0,1.0,265000.0,1.0,apartment,-5.8576398,-35.2014489
32.0,1.0,1.0,650.0,1.0,150000.0,1.0,other,-5.8821365,-35.1722172
62.0,1.0,3.0,0.0,1.0,265000.0,1.0,apartment,-5.8032096,-35.2002054
149.0,0.0,3.0,0.0,3.0,340000.0,2.0,apartment,-5.8821365,-35.1722172
64.0,2.0,2.0,0.0,1.0,300000.0,1.0,apartment,-5.8032096,-35.2002054
150.0,4.0,3.0,0.0,6.0,600000.0,1.0,house,-5.8689338,-35.1830844
92.0,0.0,3.0,0.0,0.0,450000.0,1.0,apartment,-5.8576398,-35.2014489
474.0,0.0,0.0,0.0,10.0,990000.0,0.0,other,0.0,0.0
240.0,6.0,4.0,1700.0,4.0,900000.0,4.0,apartment,0.0,0.0
150.0,4.0,4.0,0.0,3.0,450000.0,2.0,house,0.0,0.0
56.0,2.0,2.0,0.0,1.0,200000.0,1.0,apartment,-5.8654192,-35.2097736
54.0,1.0,2.0,0.0,1.0,187000.0,1.0,apartment,-5.8437235,-35.2214483
300.0,2.0,3.0,0.0,1.0,280000.0,1.0,house,-5.8633093,-35.2324324
88.0,2.0,3.0,473.0,2.0,390000.0,1.0,apartment,-5.8152068,-35.2147971
44.0,1.0,1.0,0.0,1.0,100000.0,1.0,apartment,-5.8821365,-35.1722172
424.0,4.0,4.0,0.0,4.0,850000.0,3.0,house,-5.8690614,-35.1911067
124.0,4.0,3.0,0.0,2.0,562063.0,3.0,apartment,-5.8032096,-35.2002054
377.0,5.0,4.0,600.0,2.0,1800000.0,4.0,house,-5.830929,-35.2195447
69.0,2.0,3.0,250.0,1.0,175000.0,0.0,apartment,-5.8437235,-35.2214483
80.0,1.0,2.0,0.0,1.0,220000.0,2.0,apartment,-5.7978488,-35.2092207
37.0,1.0,2.0,284.0,1.0,125000.0,0.0,apartment,0.0,0.0
96.0,1.0,3.0,0.0,2.0,200000.0,1.0,apartment,-5.8437235,-35.2214483
36.0,1.0,2.0,325.0,0.0,170000.0,0.0,apartment,-5.8821365,-35.1722172
50.0,2.0,2.0,400.0,2.0,245000.0,1.0,apartment,-5.7845495,-35.1984438
75.0,2.0,3.0,350.0,1.0,390000.0,1.0,apartment,-5.8738039,-35.1815727
281.0,6.0,4.0,1600.0,4.0,1950000.0,4.0,apartment,-5.7845495,-35.1984438
55.0,1.0,2.0,0.0,1.0,280000.0,1.0,apartment,-5.8032096,-35.2002054
74.0,2.0,3.0,440.0,2.0,384740.0,1.0,apartment,-5.7856388,-35.20926
75.0,1.0,3.0,0.0,2.0,350000.0,1.0,apartment,-5.8437235,-35.2214483
50.0,1.0,2.0,420.0,1.0,170000.0,0.0,apartment,-5.7869014,-35.1902633
340.0,6.0,4.0,0.0,4.0,3300000.0,4.0,apartment,-5.7869014,-35.1902633
230.0,4.0,4.0,1200.0,4.0,565000.0,3.0,apartment,-5.7849334,-35.2001472
57.0,2.0,2.0,200.0,1.0,220000.0,1.0,apartment,-5.8437235,-35.2214483
56.0,1.0,1.0,0.0,0.0,125000.0,1.0,house,-5.7845495,-35.1984438
40.0,0.0,0.0,0.0,0.0,139700.0,0.0,other,-5.8032096,-35.2002054
142.0,0.0,3.0,750.0,2.0,820000.0,3.0,apartment,-5.8576398,-35.2014489
180.0,0.0,3.0,0.0,3.0,850000.0,0.0,apartment,-5.7869014,-35.1902633
163.0,4.0,4.0,1100.0,2.0,480000.0,2.0,apartment,-5.8032096,-35.2002054
720.0,0.0,0.0,0.0,0.0,500000.0,0.0,other,-5.8821365,-35.1722172
192.0,1.0,3.0,0.0,1.0,400000.0,1.0,house,-5.8437235,-35.2214483
187.0,5.0,3.0,0.0,3.0,1050000.0,3.0,apartment,-5.8032096,-35.2002054
54.0,0.0,1.0,0.0,1.0,259900.0,1.0,apartment,-5.8821365,-35.1722172
150.0,4.0,3.0,0.0,2.0,450000.0,1.0,apartment,0.0,0.0
200.0,0.0,0.0,0.0,0.0,300000.0,0.0,other,-5.7988797,-35.2188577
164.0,5.0,4.0,0.0,0.0,1100000.0,4.0,apartment,-5.8226937,-35.2126403
56.0,1.0,2.0,0.0,1.0,250000.0,1.0,apartment,-5.8032096,-35.2002054
186.0,0.0,4.0,0.0,3.0,1381000.0,2.0,apartment,-5.8226937,-35.2126403
34.0,0.0,0.0,0.0,0.0,215000.0,0.0,other,-5.8226937,-35.2126403
119.0,4.0,4.0,0.0,2.0,580000.0,3.0,apartment,-5.781494,-35.1998741
457.0,6.0,4.0,0.0,3.0,1800000.0,4.0,apartment,-5.8032096,-35.2002054
63.0,2.0,3.0,480.0,1.0,280000.0,1.0,apartment,-5.8032096,-35.2002054
334.0,5.0,4.0,2600.0,3.0,1750000.0,4.0,apartment,-5.7845495,-35.1984438
150.0,1.0,3.0,150.0,2.0,350000.0,1.0,house,-5.8576398,-35.2014489
300.0,5.0,3.0,0.0,4.0,700000.0,3.0,house,-5.8032096,-35.2002054
148.0,4.0,3.0,800.0,2.0,410000.0,3.0,apartment,-5.8032096,-35.2002054
498.0,0.0,4.0,0.0,6.0,5777739.0,4.0,apartment,-5.7845495,-35.1984438
106.0,1.0,3.0,0.0,2.0,400000.0,1.0,apartment,-5.8576398,-35.2014489
232.0,1.0,3.0,0.0,11.0,520000.0,1.0,house,-5.8600136,-35.1998189
2000.0,0.0,0.0,0.0,0.0,500000.0,0.0,other,-5.8521764,-35.2568875
56.0,2.0,2.0,220.0,1.0,120000.0,1.0,apartment,-5.8250648,-35.235023
100.0,1.0,3.0,470.0,2.0,435000.0,1.0,apartment,-5.8576398,-35.2014489
57.0,0.0,2.0,0.0,2.0,250000.0,1.0,apartment,0.0,0.0
180.0,3.0,3.0,0.0,3.0,379000.0,1.0,house,0.0,0.0
123.0,1.0,3.0,1000.0,2.0,478000.0,2.0,apartment,-5.7845495,-35.1984438
55.0,2.0,2.0,0.0,1.0,220000.0,1.0,other,0.0,0.0
110.0,1.0,3.0,0.0,2.0,1000000.0,1.0,house,-5.8032096,-35.2002054
84.0,3.0,3.0,350.0,0.0,295000.0,0.0,apartment,-5.8821365,-35.1722172
123.0,1.0,3.0,609.0,2.0,890000.0,2.0,apartment,-5.8576398,-35.2014489
120.0,1.0,3.0,0.0,0.0,300000.0,0.0,house,-5.8226937,-35.2126403
58.0,1.0,2.0,0.0,1.0,120000.0,0.0,apartment,-5.8521764,-35.2568875
300.0,0.0,4.0,0.0,3.0,1200000.0,4.0,apartment,-5.8437235,-35.2214483
50.0,1.0,2.0,0.0,1.0,130000.0,0.0,apartment,-5.8521764,-35.2568875
140.0,2.0,4.0,0.0,6.0,150000.0,1.0,house,-5.8521764,-35.2568875
595.0,0.0,0.0,0.0,8.0,4000000.0,0.0,other,-5.8144573,-35.2025444
350.0,6.0,5.0,0.0,4.0,600000.0,5.0,house,-5.8469472,-35.2007131
89.0,2.0,2.0,332.0,1.0,180000.0,1.0,apartment,-5.8437235,-35.2214483
101.0,1.0,3.0,0.0,1.0,560000.0,1.0,apartment,-5.8821365,-35.1722172
244.0,4.0,3.0,0.0,4.0,2490000.0,3.0,apartment,-5.7869014,-35.1902633
165.0,1.0,3.0,0.0,1.0,250000.0,1.0,house,-5.7972181,-35.2316702
72.0,0.0,3.0,170.0,0.0,179900.0,0.0,house,-5.8521764,-35.2568875
120.0,3.0,3.0,620.0,2.0,380000.0,2.0,apartment,-5.8559951,-35.2043315
98.0,1.0,3.0,0.0,2.0,390000.0,1.0,apartment,-5.8032096,-35.2002054
240.0,0.0,0.0,0.0,7.0,1300000.0,0.0,house,0.0,0.0
180.0,0.0,3.0,1000.0,2.0,700000.0,1.0,apartment,-5.8032096,-35.2002054
56.0,1.0,2.0,80.0,1.0,110000.0,0.0,apartment,-5.8576398,-35.2014489
67.0,1.0,3.0,0.0,1.0,275000.0,1.0,apartment,-5.8633093,-35.2324324
220.0,0.0,3.0,1000.0,3.0,460000.0,1.0,apartment,-5.8032096,-35.2002054
65.0,1.0,2.0,490.0,1.0,145000.0,1.0,apartment,-5.8576398,-35.2014489
324.0,5.0,4.0,0.0,5.0,500000.0,3.0,house,-5.8855448,-35.1775819
64.0,2.0,2.0,300.0,1.0,290000.0,1.0,apartment,0.0,0.0
52.0,1.0,2.0,0.0,0.0,100000.0,0.0,house,-5.7988797,-35.2188577
75.0,1.0,3.0,350.0,1.0,160000.0,1.0,apartment,-5.760837,-35.2003091
108.0,1.0,3.0,850.0,2.0,400000.0,1.0,apartment,-5.8032096,-35.2002054
91.0,2.0,3.0,0.0,2.0,459000.0,1.0,apartment,-5.8576398,-35.2014489
190.0,1.0,3.0,0.0,2.0,390000.0,1.0,apartment,-5.8032096,-35.2002054
300.0,4.0,4.0,0.0,3.0,750000.0,2.0,house,-5.8214697,-35.2168115
100.0,1.0,3.0,0.0,3.0,460000.0,2.0,apartment,-5.8576398,-35.2014489
290.0,0.0,4.0,0.0,1.0,1500000.0,1.0,house,-5.8437235,-35.2214483
56.0,0.0,2.0,0.0,1.0,250000.0,1.0,apartment,-5.8821365,-35.1722172
51.0,1.0,2.0,0.0,1.0,219000.0,0.0,apartment,-5.8576398,-35.2014489
102.0,1.0,3.0,0.0,1.0,220000.0,1.0,house,-5.8521764,-35.2568875
181.0,3.0,3.0,0.0,2.0,450000.0,1.0,house,-5.8674286,-35.1966683
98.0,3.0,3.0,630.0,2.0,297000.0,1.0,apartment,-5.8010185,-35.2078485
158.0,4.0,4.0,1331.0,2.0,410000.0,2.0,apartment,-5.8032096,-35.2002054
86.0,0.0,3.0,0.0,2.0,590000.0,0.0,apartment,-5.8226937,-35.2126403
196.0,5.0,4.0,1100.0,4.0,1500000.0,3.0,apartment,-5.8576398,-35.2014489
70.0,1.0,2.0,380.0,1.0,250000.0,1.0,apartment,-5.8576398,-35.2014489
174.0,3.0,4.0,1100.0,1.0,280000.0,1.0,apartment,-5.8032096,-35.2002054
127.0,0.0,3.0,0.0,2.0,550000.0,3.0,apartment,-5.8437235,-35.2214483
105.0,4.0,3.0,700.0,2.0,460000.0,3.0,apartment,-5.8437235,-35.2214483
165.0,4.0,4.0,0.0,3.0,1150000.0,3.0,apartment,-5.8032096,-35.2002054
63.0,2.0,2.0,400.0,1.0,160000.0,1.0,apartment,-5.8606852,-35.1989537
76.0,2.0,2.0,400.0,2.0,240000.0,0.0,apartment,-5.8437235,-35.2214483
54.0,1.0,2.0,0.0,1.0,305000.0,1.0,apartment,-5.8576398,-35.2014489
180.0,3.0,4.0,0.0,2.0,600000.0,2.0,house,-5.8032096,-35.2002054
56.0,1.0,2.0,0.0,1.0,225000.0,0.0,apartment,-5.8576398,-35.2014489
130.0,4.0,3.0,750.0,2.0,950000.0,2.0,apartment,-5.8032096,-35.2002054
110.0,1.0,3.0,836.0,2.0,490000.0,3.0,apartment,-5.8437235,-35.2214483
65.0,2.0,2.0,225.0,1.0,135000.0,1.0,apartment,0.0,0.0
63.0,1.0,2.0,0.0,1.0,220000.0,1.0,apartment,-5.8666079,-35.2088062
78.0,2.0,3.0,0.0,2.0,300000.0,1.0,apartment,-5.8661059,-35.2056886
163.0,0.0,3.0,1200.0,2.0,590000.0,3.0,apartment,-5.8032096,-35.2002054
80.0,2.0,3.0,500.0,2.0,400000.0,1.0,apartment,-5.8821365,-35.1722172
600.0,0.0,0.0,0.0,0.0,720000.0,0.0,other,-5.8821365,-35.1722172
358.0,6.0,4.0,1800.0,6.0,2400000.0,4.0,apartment,-5.7845495,-35.1984438
845.0,0.0,0.0,500.0,0.0,480000.0,0.0,other,-5.8666079,-35.2088062
70.0,1.0,2.0,0.0,1.0,265000.0,0.0,apartment,-5.8559951,-35.2043315
58.0,2.0,2.0,430.0,2.0,220000.0,1.0,apartment,-5.7978488,-35.2092207
31.0,0.0,0.0,0.0,1.0,195000.0,0.0,other,-5.8198444,-35.2109804
351.0,4.0,4.0,0.0,4.0,550000.0,2.0,house,-5.8576398,-35.2014489
200.0,1.0,4.0,0.0,2.0,539000.0,2.0,apartment,-5.7845495,-35.1984438
800.0,0.0,3.0,0.0,8.0,400000.0,1.0,house,-5.8633093,-35.2324324
198.0,1.0,4.0,931.0,2.0,700000.0,1.0,other,-5.8437235,-35.2214483
57.0,1.0,2.0,0.0,1.0,200000.0,1.0,apartment,-5.8666079,-35.2088062
96.0,3.0,3.0,415.0,2.0,210000.0,1.0,apartment,-5.8010185,-35.2078485
44.0,0.0,1.0,0.0,1.0,120000.0,0.0,apartment,-5.7789823,-35.194817
55.0,2.0,2.0,0.0,2.0,235000.0,1.0,apartment,-5.8437235,-35.2214483
229.0,0.0,3.0,1650.0,4.0,950000.0,3.0,apartment,-5.8032096,-35.2002054
86.0,2.0,2.0,600.0,1.0,250000.0,1.0,apartment,-5.7845495,-35.1984438
57.0,2.0,2.0,360.0,1.0,230000.0,1.0,apartment,-5.8603397,-35.2094385
70.0,2.0,2.0,250.0,2.0,388100.0,1.0,apartment,-5.7978488,-35.2092207
124.0,4.0,3.0,0.0,0.0,561000.0,0.0,apartment,-5.8032096,-35.2002054
57.0,1.0,2.0,0.0,1.0,230000.0,1.0,apartment,-5.8633093,-35.2324324
103.0,4.0,3.0,0.0,2.0,350000.0,3.0,apartment,-5.8347074,-35.2243579
185.0,1.0,3.0,0.0,2.0,450000.0,2.0,apartment,-5.8032096,-35.2002054
142.0,1.0,3.0,720.0,2.0,950000.0,2.0,apartment,-5.8576398,-35.2014489
107.0,1.0,3.0,0.0,2.0,280000.0,2.0,house,-5.8666079,-35.2088062
55.0,1.0,2.0,0.0,1.0,235000.0,1.0,apartment,-5.8437235,-35.2214483
56.0,0.0,0.0,0.0,0.0,174000.0,0.0,apartment,-5.8666079,-35.2088062
52.0,2.0,2.0,350.0,2.0,190000.0,1.0,apartment,-5.8250648,-35.235023
281.0,5.0,4.0,0.0,4.0,1950000.0,4.0,apartment,-5.8032096,-35.2002054
74.0,2.0,2.0,290.0,2.0,168000.0,1.0,apartment,-5.8291444,-35.2347271
250.0,0.0,3.0,0.0,0.0,490000.0,3.0,house,-5.7540506,-35.2152587
55.0,2.0,2.0,0.0,1.0,280000.0,1.0,other,0.0,0.0
460.0,5.0,5.0,0.0,4.0,630000.0,5.0,house,-5.8576398,-35.2014489
300.0,2.0,8.0,0.0,4.0,680000.0,8.0,house,-5.8821365,-35.1722172
96.0,1.0,3.0,0.0,2.0,450000.0,1.0,apartment,-5.8576398,-35.2014489
57.0,2.0,2.0,300.0,1.0,199000.0,1.0,apartment,-5.8666079,-35.2088062
190.0,1.0,3.0,860.0,2.0,690000.0,2.0,apartment,-5.8437235,-35.2214483
55.0,1.0,2.0,0.0,1.0,230000.0,1.0,apartment,-5.7845495,-35.1984438
55.0,2.0,2.0,0.0,1.0,370000.0,1.0,apartment,-5.8730875,-35.1800373
444.0,0.0,4.0,0.0,4.0,370000.0,1.0,house,-5.7978488,-35.2092207
60.0,1.0,2.0,250.0,1.0,225000.0,1.0,apartment,0.0,0.0
81.0,3.0,3.0,371.0,2.0,430000.0,1.0,apartment,-5.8253734,-35.2113637
386.0,1.0,4.0,0.0,8.0,1300000.0,4.0,house,-5.8576398,-35.2014489
102.0,4.0,0.0,0.0,3.0,370000.0,3.0,apartment,-5.8437235,-35.2214483
54.0,1.0,2.0,340.0,1.0,200000.0,0.0,apartment,-5.8576398,-35.2014489
210.0,0.0,3.0,0.0,3.0,700000.0,3.0,apartment,-5.8437235,-35.2214483
55.0,2.0,2.0,400.0,1.0,190000.0,1.0,apartment,-5.8821365,-35.1722172
200.0,0.0,0.0,500.0,0.0,185000.0,0.0,other,-5.8633093,-35.2324324
285.0,1.0,5.0,0.0,3.0,850000.0,3.0,house,-5.8437235,-35.2214483
95.0,2.0,3.0,650.0,2.0,305000.0,1.0,apartment,0.0,0.0
244.0,5.0,4.0,2000.0,3.0,800000.0,4.0,apartment,-5.8032096,-35.2002054
55.0,1.0,2.0,0.0,1.0,120000.0,0.0,apartment,-5.8666079,-35.2088062
146.0,2.0,3.0,0.0,1.0,200000.0,1.0,house,-5.8633093,-35.2324324
55.0,2.0,2.0,0.0,1.0,230000.0,1.0,other,0.0,0.0
98.0,1.0,3.0,849.0,2.0,480000.0,3.0,apartment,-5.8576398,-35.2014489
245.0,0.0,4.0,0.0,3.0,900000.0,4.0,apartment,-5.7845495,-35.1984438
240.0,4.0,3.0,1600.0,3.0,900000.0,3.0,apartment,-5.8032096,-35.2002054
110.0,3.0,3.0,620.0,2.0,520000.0,1.0,apartment,-5.8175683,-35.2219558
98.0,3.0,3.0,412.0,2.0,430000.0,1.0,apartment,-5.8437235,-35.2214483
55.0,1.0,2.0,0.0,1.0,110000.0,0.0,apartment,-5.7372347,-35.2360433
56.0,0.0,2.0,485.0,0.0,270000.0,1.0,apartment,-5.8032096,-35.2002054
22.0,1.0,0.0,0.0,1.0,100000.0,0.0,other,-5.8032096,-35.2002054
113.0,1.0,3.0,0.0,1.0,210000.0,0.0,house,-5.8073333,-35.2106714
560.0,1.0,6.0,0.0,9.0,2300000.0,4.0,house,-5.8576398,-35.2014489
42.0,1.0,1.0,0.0,1.0,120000.0,0.0,other,0.0,0.0
56.0,1.0,2.0,450.0,1.0,380000.0,1.0,apartment,-5.8730875,-35.1800373
60.0,1.0,2.0,0.0,1.0,240000.0,1.0,apartment,-5.7767142,-35.2062156
80.0,2.0,3.0,440.0,2.0,248000.0,1.0,apartment,0.0,0.0
157.0,1.0,3.0,0.0,2.0,580000.0,1.0,house,-5.8576398,-35.2014489
68.0,1.0,2.0,200.0,1.0,120000.0,0.0,apartment,-5.7476322,-35.2403032
158.0,1.0,4.0,0.0,2.0,280000.0,2.0,house,-5.7972181,-35.2316702
56.0,2.0,2.0,500.0,1.0,230000.0,1.0,apartment,-5.7845495,-35.1984438
127.0,4.0,3.0,0.0,2.0,650000.0,3.0,apartment,-5.8437235,-35.2214483
165.0,1.0,4.0,750.0,4.0,999000.0,4.0,apartment,-5.8576398,-35.2014489
55.0,2.0,2.0,0.0,2.0,230000.0,1.0,apartment,0.0,0.0
119.0,3.0,3.0,0.0,2.0,650000.0,2.0,apartment,-5.8273977,-35.2196792
100.0,2.0,4.0,0.0,2.0,350000.0,1.0,apartment,-5.8821365,-35.1722172
180.0,1.0,4.0,0.0,1.0,280000.0,3.0,house,-5.8250648,-35.235023
230.0,6.0,5.0,0.0,5.0,650000.0,5.0,house,-5.8821365,-35.1722172
84.0,1.0,3.0,800.0,2.0,360000.0,1.0,apartment,-5.8576398,-35.2014489
65.0,1.0,2.0,600.0,1.0,180000.0,0.0,apartment,-5.7845495,-35.1984438
55.0,1.0,2.0,280.0,1.0,145000.0,0.0,apartment,-5.8576398,-35.2014489
358.0,6.0,0.0,1800.0,6.0,2200000.0,4.0,apartment,-5.7845495,-35.1984438
186.0,1.0,3.0,0.0,3.0,600000.0,3.0,apartment,-5.8437235,-35.2214483
81.0,2.0,3.0,0.0,4.0,320000.0,1.0,house,-5.8633093,-35.2324324
150.0,4.0,4.0,1000.0,3.0,700000.0,2.0,apartment,-5.8437235,-35.2214483
814.0,0.0,16.0,0.0,7.0,2900000.0,16.0,house,-5.7869014,-35.1902633
87.0,0.0,2.0,600.0,1.0,220000.0,1.0,apartment,-5.8032096,-35.2002054
61.0,2.0,2.0,250.0,1.0,207000.0,1.0,apartment,-5.8226937,-35.2126403
57.0,1.0,2.0,0.0,1.0,175000.0,1.0,apartment,-5.8633093,-35.2324324
200.0,0.0,0.0,0.0,0.0,400000.0,0.0,other,-5.8032096,-35.2002054
176.0,2.0,3.0,0.0,1.0,550000.0,0.0,house,-5.8226937,-35.2126403
72.0,2.0,2.0,420.0,0.0,190000.0,1.0,apartment,-5.8089827,-35.2272512
305.0,0.0,0.0,0.0,0.0,500000.0,0.0,other,-5.7767142,-35.2062156
109.0,4.0,4.0,836.0,2.0,490000.0,3.0,apartment,-5.8290987,-35.221223
97.0,1.0,3.0,0.0,2.0,400000.0,1.0,apartment,-5.8576398,-35.2014489
105.0,4.0,0.0,0.0,4.0,680000.0,0.0,other,-5.8437235,-35.2214483
350.0,7.0,5.0,0.0,0.0,2100000.0,5.0,apartment,-5.8226937,-35.2126403
146.0,5.0,4.0,800.0,2.0,750000.0,3.0,apartment,-5.8198444,-35.2109804
62.0,2.0,2.0,200.0,2.0,140000.0,1.0,apartment,-5.8777108,-35.2027109
215.0,6.0,3.0,0.0,2.0,430000.0,3.0,house,-5.7845495,-35.1984438
64.0,2.0,2.0,0.0,1.0,270000.0,1.0,apartment,-5.8666079,-35.2088062
186.0,1.0,3.0,0.0,3.0,1150000.0,3.0,apartment,-5.8032096,-35.2002054
350.0,1.0,3.0,0.0,3.0,370000.0,2.0,house,-5.8437235,-35.2214483
55.0,2.0,2.0,0.0,0.0,359000.0,1.0,apartment,-5.8821365,-35.1722172
280.0,1.0,4.0,0.0,0.0,600000.0,4.0,house,-5.8576398,-35.2014489
172.0,1.0,3.0,0.0,4.0,575000.0,3.0,house,-5.8576398,-35.2014489
120.0,1.0,2.0,450.0,1.0,210000.0,0.0,apartment,-5.7856388,-35.20926
245.0,3.0,3.0,0.0,5.0,400000.0,2.0,house,-5.8806961,-35.1804508
46.0,1.0,1.0,0.0,0.0,110000.0,0.0,apartment,-5.8821365,-35.1722172
196.0,5.0,0.0,0.0,3.0,1250000.0,3.0,apartment,-5.8576398,-35.2014489
58.0,1.0,2.0,0.0,2.0,280000.0,1.0,apartment,-5.7767142,-35.2062156
101.0,3.0,3.0,500.0,2.0,250000.0,1.0,apartment,-5.7869014,-35.1902633
196.0,1.0,3.0,0.0,3.0,1500000.0,3.0,apartment,-5.8576398,-35.2014489
240.0,5.0,4.0,1700.0,4.0,900000.0,4.0,apartment,0.0,0.0
79.0,1.0,3.0,0.0,2.0,443000.0,1.0,apartment,-5.8821365,-35.1722172
96.0,1.0,3.0,0.0,1.0,300000.0,0.0,apartment,-5.8032096,-35.2002054
220.0,2.0,5.0,0.0,1.0,240000.0,0.0,house,-5.7988797,-35.2188577
74.0,0.0,2.0,70.0,0.0,140000.0,0.0,apartment,-5.8089827,-35.2272512
120.0,1.0,3.0,0.0,2.0,540000.0,1.0,apartment,-5.8073333,-35.2106714
55.0,2.0,2.0,0.0,1.0,280000.0,1.0,apartment,-5.8053683,-35.2050354
800.0,0.0,0.0,0.0,0.0,250000.0,0.0,other,-5.8616984,-35.2205156
43.0,1.0,1.0,0.0,0.0,210000.0,1.0,apartment,-5.7845495,-35.1984438
54.0,2.0,2.0,230.0,1.0,215000.0,1.0,apartment,-5.8821365,-35.1722172
75.0,2.0,2.0,0.0,2.0,370000.0,1.0,apartment,-5.8437235,-35.2214483
250.0,2.0,4.0,0.0,4.0,349000.0,2.0,house,-5.7988797,-35.2188577
67.0,1.0,2.0,248.0,1.0,300000.0,1.0,apartment,-5.8666079,-35.2088062
53.0,1.0,2.0,325.0,1.0,163900.0,0.0,apartment,-5.8821365,-35.1722172
296.0,6.0,5.0,0.0,3.0,1100000.0,3.0,apartment,-5.8576398,-35.2014489
60.0,1.0,2.0,80.0,1.0,95000.0,0.0,apartment,-5.8667495,-35.2043074
100.0,1.0,3.0,0.0,2.0,450000.0,3.0,apartment,-5.8576398,-35.2014489
150.0,3.0,4.0,0.0,3.0,480000.0,2.0,house,-5.8665757,-35.1883888
188.0,5.0,4.0,0.0,3.0,1050000.0,4.0,apartment,-5.8032096,-35.2002054
244.0,0.0,4.0,0.0,3.0,800000.0,4.0,apartment,-5.7978488,-35.2092207
174.0,0.0,4.0,0.0,1.0,750000.0,2.0,apartment,-5.8032096,-35.2002054
55.0,1.0,2.0,0.0,1.0,100000.0,0.0,apartment,-5.8521764,-35.2568875
193.0,0.0,3.0,0.0,4.0,450000.0,1.0,house,-5.8576398,-35.2014489
100.0,2.0,3.0,100.0,2.0,117000.0,0.0,apartment,-5.8667495,-35.2043074
166.0,4.0,5.0,0.0,2.0,500000.0,3.0,apartment,-5.8089286,-35.2013139
91.0,2.0,3.0,0.0,1.0,250000.0,1.0,house,-5.761147,-35.2634079
313.0,4.0,5.0,1300.0,3.0,1180000.0,3.0,apartment,-5.8437235,-35.2214483
55.0,2.0,2.0,0.0,1.0,280000.0,1.0,other,0.0,0.0
196.0,4.0,3.0,1000.0,3.0,1100000.0,3.0,apartment,-5.8032096,-35.2002054
36.0,0.0,0.0,475.0,0.0,145000.0,1.0,apartment,-5.7845495,-35.1984438
96.0,1.0,3.0,945.0,2.0,470000.0,1.0,apartment,-5.8576398,-35.2014489
118.0,0.0,3.0,0.0,2.0,580000.0,3.0,apartment,-5.7845495,-35.1984438
71.0,2.0,3.0,0.0,2.0,170000.0,1.0,apartment,-5.7869014,-35.1902633
373.0,0.0,0.0,0.0,0.0,1000000.0,0.0,other,-5.8032096,-35.2002054
90.0,2.0,3.0,0.0,2.0,330000.0,1.0,apartment,-5.8821365,-35.1722172
87.0,1.0,3.0,500.0,1.0,400000.0,1.0,apartment,-5.8576398,-35.2014489
38.0,0.0,0.0,0.0,0.0,140000.0,0.0,other,-5.8032096,-35.2002054
100.0,3.0,3.0,250.0,2.0,210000.0,2.0,apartment,-5.7978488,-35.2092207
94.0,1.0,3.0,0.0,2.0,160000.0,2.0,apartment,-5.8821365,-35.1722172
750.0,0.0,5.0,0.0,10.0,2000000.0,5.0,house,-5.8437235,-35.2214483
75.0,0.0,3.0,245.0,0.0,310000.0,1.0,apartment,-5.8666079,-35.2088062
148.0,1.0,0.0,0.0,0.0,650000.0,0.0,other,-5.8089827,-35.2272512
45.0,0.0,1.0,0.0,1.0,250000.0,1.0,apartment,-5.7845495,-35.1984438
79.0,1.0,3.0,0.0,1.0,165000.0,1.0,apartment,-5.8437235,-35.2214483
64.0,2.0,2.0,70.0,1.0,95000.0,2.0,apartment,-5.8667495,-35.2043074
57.0,1.0,2.0,300.0,1.0,235000.0,1.0,apartment,-5.8455365,-35.2136399
78.0,1.0,3.0,0.0,1.0,200000.0,1.0,apartment,-5.8576398,-35.2014489
450.0,1.0,4.0,0.0,4.0,3200000.0,2.0,house,-5.8437235,-35.2214483
198.0,0.0,3.0,0.0,2.0,550000.0,3.0,apartment,-5.8032096,-35.2002054
98.0,2.0,3.0,0.0,2.0,450000.0,2.0,apartment,-5.8606852,-35.1989537
62.0,1.0,0.0,0.0,0.0,335000.0,1.0,apartment,-5.8730875,-35.1800373
56.0,2.0,2.0,0.0,1.0,150000.0,1.0,apartment,-5.8576398,-35.2014489
400.0,5.0,4.0,1000.0,3.0,3000000.0,4.0,apartment,0.0,0.0
40.0,1.0,1.0,0.0,6.0,75000.0,0.0,other,0.0,0.0
98.0,3.0,3.0,500.0,1.0,280000.0,1.0,apartment,-5.8032096,-35.2002054
186.0,0.0,3.0,1000.0,0.0,599990.0,3.0,apartment,-5.8437235,-35.2214483
61.0,0.0,3.0,0.0,0.0,162000.0,1.0,house,-5.8521764,-35.2568875
65.0,2.0,3.0,420.0,1.0,150000.0,1.0,apartment,-5.8660483,-35.1879769
56.0,2.0,2.0,0.0,1.0,220000.0,1.0,other,-5.8821365,-35.1722172
55.0,1.0,2.0,300.0,1.0,195000.0,1.0,apartment,-5.8666079,-35.2088062
211.0,0.0,0.0,0.0,0.0,170000.0,0.0,other,-5.7767142,-35.2062156
59.0,1.0,2.0,0.0,1.0,220000.0,0.0,apartment,-5.8660091,-35.1858671
59.0,1.0,2.0,360.0,1.0,250000.0,1.0,apartment,-5.8821365,-35.1722172
175.0,5.0,0.0,700.0,3.0,750000.0,3.0,apartment,-5.8437235,-35.2214483
117.0,1.0,3.0,550.0,2.0,600000.0,3.0,apartment,-5.8226937,-35.2126403
74.0,2.0,2.0,380.0,1.0,145000.0,1.0,apartment,-5.8660483,-35.1879769
263.0,6.0,4.0,1800.0,2.0,750000.0,4.0,apartment,-5.7845495,-35.1984438
79.0,2.0,3.0,0.0,1.0,446000.0,1.0,apartment,-5.8821365,-35.1722172
500.0,1.0,5.0,0.0,6.0,950000.0,2.0,house,-5.8576398,-35.2014489
105.0,1.0,3.0,0.0,1.0,330000.0,1.0,apartment,-5.7978488,-35.2092207
280.0,6.0,3.0,630.0,4.0,1600000.0,3.0,apartment,-5.8226937,-35.2126403
160.0,4.0,0.0,1000.0,2.0,650000.0,3.0,apartment,-5.8032096,-35.2002054
157.0,0.0,0.0,0.0,1.0,500000.0,3.0,house,-5.8576398,-35.2014489
45.0,1.0,1.0,450.0,1.0,260000.0,1.0,apartment,-5.8821365,-35.1722172
145.0,0.0,0.0,1100.0,2.0,700000.0,3.0,apartment,-5.8576398,-35.2014489
40.0,0.0,0.0,0.0,0.0,150000.0,0.0,other,-5.8032096,-35.2002054
310.0,5.0,4.0,1750.0,3.0,1300000.0,4.0,apartment,-5.7845495,-35.1984438
57.0,0.0,2.0,340.0,0.0,180000.0,0.0,apartment,-5.8226937,-35.2126403
220.0,1.0,3.0,0.0,5.0,600000.0,2.0,house,-5.8576398,-35.2014489
417.0,6.0,4.0,0.0,3.0,2600000.0,0.0,house,-5.8437235,-35.2214483
56.0,0.0,2.0,500.0,1.0,380000.0,1.0,apartment,-5.8821365,-35.1722172
500.0,1.0,5.0,0.0,1.0,579000.0,5.0,other,-5.8666079,-35.2088062
200.0,4.0,4.0,500.0,2.0,790000.0,2.0,house,-5.8633093,-35.2324324
163.0,0.0,4.0,0.0,2.0,280000.0,1.0,house,-5.8250648,-35.235023
150.0,4.0,3.0,950.0,2.0,390000.0,1.0,apartment,-5.8383287,-35.2253736
57.0,1.0,2.0,0.0,0.0,290000.0,0.0,apartment,-5.876891,-35.1778805
421.0,0.0,0.0,0.0,0.0,130000.0,0.0,other,-5.8768735,-35.2236066
98.0,2.0,3.0,555.0,2.0,390000.0,1.0,apartment,-5.8576398,-35.2014489
123.0,3.0,3.0,450.0,2.0,500000.0,3.0,apartment,-5.8347074,-35.2243579
56.0,2.0,2.0,500.0,1.0,230000.0,1.0,apartment,0.0,0.0
97.0,2.0,3.0,0.0,2.0,449000.0,1.0,apartment,-5.7845495,-35.1984438
140.0,0.0,3.0,0.0,2.0,954540.0,3.0,apartment,-5.8173131,-35.2226992
56.0,2.0,2.0,222.0,0.0,210000.0,1.0,apartment,0.0,0.0
500.0,1.0,4.0,0.0,6.0,1200000.0,4.0,house,-5.8437235,-35.2214483
98.0,3.0,3.0,500.0,1.0,350000.0,2.0,apartment,-5.796771,-35.200507
93.0,1.0,3.0,415.0,2.0,330000.0,1.0,apartment,-5.8821365,-35.1722172
377.0,5.0,4.0,600.0,4.0,1700000.0,3.0,house,-5.830929,-35.2195447
360.0,2.0,3.0,0.0,2.0,429000.0,1.0,house,-5.8576398,-35.2014489
57.0,2.0,2.0,290.0,1.0,200000.0,1.0,apartment,-5.8208253,-35.2081237
83.0,1.0,3.0,0.0,1.0,170000.0,1.0,apartment,-5.8576398,-35.2014489
25.0,1.0,1.0,0.0,1.0,160000.0,1.0,apartment,-5.8730875,-35.1800373
56.0,1.0,2.0,0.0,1.0,280000.0,1.0,apartment,-5.8576398,-35.2014489
196.0,4.0,4.0,1150.0,4.0,1500000.0,4.0,apartment,-5.8624754,-35.1935607
64.0,1.0,2.0,0.0,1.0,220000.0,0.0,apartment,-5.8576398,-35.2014489
56.0,1.0,2.0,485.0,1.0,135000.0,1.0,other,-5.8821365,-35.1722172
164.0,4.0,0.0,0.0,2.0,660000.0,3.0,apartment,-5.8032096,-35.2002054
48.0,1.0,1.0,0.0,1.0,179000.0,0.0,apartment,0.0,0.0
146.0,0.0,4.0,0.0,3.0,580000.0,3.0,apartment,-5.8437235,-35.2214483
570.0,2.0,0.0,0.0,7.0,750000.0,6.0,house,-5.8576398,-35.2014489
265.0,8.0,4.0,0.0,7.0,620000.0,4.0,house,-5.8576398,-35.2014489
116.0,3.0,3.0,270.0,2.0,230000.0,2.0,apartment,-5.8535234,-35.2048314
114.0,0.0,4.0,0.0,2.0,495000.0,2.0,apartment,-5.8576398,-35.2014489
360.0,4.0,4.0,0.0,6.0,350000.0,3.0,house,-5.8683542,-35.2122086
75.0,2.0,3.0,601.0,2.0,300000.0,1.0,apartment,-5.8661059,-35.2056886
400.0,1.0,3.0,0.0,6.0,649000.0,1.0,other,-5.8576398,-35.2014489
215.0,1.0,3.0,1600.0,3.0,680000.0,2.0,apartment,-5.7845495,-35.1984438
280.0,0.0,3.0,0.0,4.0,900000.0,3.0,apartment,-5.8032096,-35.2002054
4000.0,0.0,0.0,0.0,0.0,2600000.0,0.0,other,-5.8576398,-35.2014489
245.0,5.0,4.0,2000.0,3.0,950000.0,4.0,apartment,-5.8032096,-35.2002054
50.0,1.0,2.0,0.0,1.0,110000.0,0.0,apartment,-5.8633093,-35.2324324
693.0,1.0,3.0,0.0,5.0,600000.0,2.0,house,-5.8821365,-35.1722172
75.0,1.0,2.0,660.0,1.0,230000.0,0.0,apartment,-5.8032096,-35.2002054
280.0,0.0,0.0,0.0,0.0,1000000.0,4.0,apartment,-5.8437235,-35.2214483
109.0,1.0,2.0,900.0,1.0,400000.0,0.0,apartment,0.0,0.0
60.0,2.0,2.0,0.0,1.0,2900000.0,1.0,apartment,-5.8999907,-35.1759866
272.0,0.0,3.0,0.0,3.0,780000.0,3.0,house,-5.8226937,-35.2126403
245.0,6.0,4.0,1800.0,3.0,790000.0,4.0,apartment,-5.7845495,-35.1984438
250.0,4.0,3.0,0.0,4.0,450000.0,3.0,house,-5.8674286,-35.1966683
56.0,1.0,2.0,300.0,1.0,340000.0,1.0,apartment,-5.8666079,-35.2088062
81.0,3.0,3.0,0.0,2.0,380000.0,1.0,apartment,-5.8226937,-35.2126403
280.0,1.0,0.0,0.0,5.0,800000.0,3.0,house,-5.8576398,-35.2014489
297.0,0.0,0.0,0.0,5.0,800000.0,0.0,other,-5.8833757,-35.1810368
56.0,2.0,2.0,380.0,1.0,250000.0,1.0,apartment,-5.8841734,-35.1783162
450.0,5.0,5.0,0.0,2.0,480000.0,2.0,house,-5.7978488,-35.2092207
123.0,3.0,3.0,550.0,2.0,500000.0,3.0,apartment,-5.8347074,-35.2243579
435.0,6.0,4.0,1500.0,4.0,1300000.0,4.0,apartment,-5.8437235,-35.2214483
840.0,1.0,4.0,0.0,4.0,3000000.0,4.0,house,-5.8437235,-35.2214483
127.0,4.0,0.0,0.0,3.0,650000.0,3.0,apartment,-5.8437235,-35.2214483
130.0,0.0,3.0,0.0,2.0,850000.0,2.0,apartment,-5.8032096,-35.2002054
98.0,2.0,3.0,630.0,2.0,297000.0,0.0,apartment,-5.8010185,-35.2078485
165.0,3.0,3.0,1500.0,2.0,325000.0,1.0,apartment,-5.8214697,-35.2168115
56.0,1.0,2.0,0.0,1.0,285000.0,1.0,apartment,-5.8576398,-35.2014489
280.0,3.0,4.0,0.0,3.0,430000.0,1.0,house,-5.7988797,-35.2188577
64.0,2.0,2.0,420.0,0.0,360000.0,1.0,apartment,0.0,0.0
135.0,4.0,3.0,630.0,2.0,780000.0,3.0,apartment,-5.8173131,-35.2226992
180.0,5.0,3.0,1500.0,3.0,890000.0,3.0,apartment,-5.7869014,-35.1902633
56.0,2.0,2.0,260.0,1.0,190000.0,1.0,apartment,-5.8633093,-35.2324324
35.0,1.0,1.0,200.0,1.0,220000.0,0.0,apartment,-5.8821365,-35.1722172
115.0,1.0,2.0,790.0,1.0,210000.0,0.0,apartment,-5.7840027,-35.1946003
64.0,0.0,2.0,0.0,0.0,285000.0,1.0,apartment,-5.8666079,-35.2088062
130.0,5.0,4.0,0.0,2.0,525000.0,4.0,apartment,-5.8821365,-35.1722172
110.0,3.0,3.0,743.0,2.0,400000.0,1.0,apartment,-5.8821365,-35.1722172
56.0,1.0,2.0,300.0,1.0,220000.0,0.0,apartment,-5.8821365,-35.1722172
260.0,4.0,4.0,1200.0,2.0,650000.0,2.0,apartment,-5.8032096,-35.2002054
141.0,1.0,3.0,0.0,2.0,866785.0,2.0,apartment,-5.8576398,-35.2014489
56.0,2.0,2.0,290.0,1.0,150000.0,1.0,apartment,-5.8666079,-35.2088062
130.0,1.0,3.0,0.0,2.0,290000.0,1.0,apartment,-5.8032096,-35.2002054
180.0,5.0,3.0,1000.0,3.0,785000.0,3.0,apartment,-5.7869014,-35.1902633
246.0,0.0,2.0,0.0,2.0,950000.0,2.0,house,-5.8437235,-35.2214483
750.0,0.0,0.0,0.0,0.0,2900000.0,0.0,other,-5.8226937,-35.2126403
134.0,3.0,3.0,0.0,3.0,280000.0,2.0,house,-5.8673798,-35.2033054
98.0,3.0,3.0,0.0,1.0,200000.0,2.0,apartment,-5.8624143,-35.1967263
160.0,1.0,3.0,0.0,1.0,440000.0,1.0,apartment,-5.7845495,-35.1984438
130.0,4.0,3.0,650.0,3.0,800000.0,3.0,apartment,-5.8165334,-35.2224341
57.0,1.0,2.0,824.0,1.0,218000.0,1.0,other,-5.8821365,-35.1722172
68.0,1.0,2.0,0.0,1.0,245000.0,1.0,apartment,-5.8576398,-35.2014489
200.0,0.0,4.0,0.0,3.0,700000.0,4.0,apartment,-5.8656475,-35.1925612
89.0,2.0,3.0,0.0,3.0,280000.0,1.0,house,-5.8633377,-35.2323517
198.0,1.0,3.0,0.0,3.0,680000.0,3.0,apartment,-5.8576398,-35.2014489
90.0,2.0,3.0,0.0,2.0,320000.0,1.0,apartment,-5.7988797,-35.2188577
165.0,6.0,4.0,1100.0,3.0,1099000.0,4.0,apartment,-5.8032096,-35.2002054
550.0,1.0,0.0,0.0,4.0,1500000.0,4.0,apartment,-5.8437235,-35.2214483
57.0,1.0,2.0,0.0,1.0,220000.0,1.0,apartment,-5.8666079,-35.2088062
48.0,1.0,2.0,0.0,0.0,144300.0,0.0,house,-5.7505819,-35.253447
57.0,2.0,2.0,280.0,2.0,250000.0,1.0,apartment,-5.7767142,-35.2062156
56.0,1.0,2.0,365.0,1.0,190000.0,1.0,apartment,-5.8089827,-35.2272512
280.0,3.0,3.0,1100.0,3.0,1350000.0,2.0,apartment,0.0,0.0
162.0,1.0,3.0,0.0,2.0,410000.0,1.0,house,-5.7978488,-35.2092207
57.0,1.0,2.0,270.0,1.0,280000.0,1.0,apartment,-5.8576398,-35.2014489
202.0,5.0,3.0,793.0,2.0,740000.0,1.0,apartment,-5.8666079,-35.2088062
398.0,1.0,4.0,0.0,4.0,850000.0,3.0,house,-5.8576398,-35.2014489
28.0,1.0,1.0,268.0,0.0,150000.0,0.0,apartment,-5.8821365,-35.1722172
120.0,1.0,4.0,0.0,2.0,665000.0,2.0,apartment,-5.8576398,-35.2014489
380.0,1.0,3.0,0.0,5.0,400000.0,1.0,house,-5.8226937,-35.2126403
58.0,1.0,2.0,285.0,1.0,169000.0,1.0,apartment,-5.8576398,-35.2014489
221.0,1.0,4.0,690.0,3.0,690000.0,4.0,apartment,-5.8437235,-35.2214483
168.0,2.0,3.0,0.0,2.0,300000.0,1.0,house,-5.8613713,-35.2096731
56.0,2.0,2.0,280.0,0.0,240000.0,1.0,apartment,-5.8431967,-35.2124468
295.0,0.0,0.0,0.0,0.0,180000.0,0.0,other,-5.7767142,-35.2062156
55.0,2.0,2.0,230.0,2.0,285000.0,1.0,apartment,-5.8576398,-35.2014489
194.0,1.0,5.0,0.0,2.0,450000.0,3.0,house,-5.7856388,-35.20926
600.0,0.0,0.0,0.0,0.0,70000.0,0.0,other,-5.8821365,-35.1722172
30.0,0.0,0.0,0.0,0.0,200000.0,0.0,other,-5.7845495,-35.1984438
380.0,1.0,3.0,0.0,4.0,900000.0,1.0,house,-5.8226937,-35.2126403
195.0,0.0,0.0,0.0,2.0,550000.0,3.0,apartment,-5.8032096,-35.2002054
200.0,1.0,3.0,0.0,4.0,580000.0,3.0,house,-5.8576398,-35.2014489
116.0,2.0,2.0,0.0,0.0,200000.0,0.0,house,-5.8089827,-35.2272512
80.0,2.0,3.0,0.0,1.0,295000.0,1.0,apartment,0.0,0.0
40.0,1.0,1.0,0.0,1.0,160000.0,1.0,other,0.0,0.0
2344.0,0.0,0.0,0.0,0.0,1300000.0,0.0,other,-5.8437235,-35.2214483
49.0,1.0,2.0,0.0,1.0,210000.0,0.0,apartment,-5.8768735,-35.2236066
75.0,1.0,3.0,0.0,2.0,260000.0,1.0,apartment,-5.7767142,-35.2062156
88.0,0.0,3.0,470.0,2.0,390000.0,1.0,apartment,-5.8123948,-35.2227695
56.0,2.0,2.0,0.0,2.0,300000.0,1.0,apartment,-5.8576398,-35.2014489
360.0,0.0,4.0,0.0,2.0,580000.0,1.0,house,-5.7505819,-35.253447
90.0,2.0,3.0,0.0,1.0,240000.0,1.0,apartment,-5.8576398,-35.2014489
165.0,4.0,3.0,0.0,2.0,600000.0,2.0,house,-5.830929,-35.2195447
57.0,2.0,2.0,485.0,2.0,260000.0,1.0,apartment,-5.8576398,-35.2014489
94.0,0.0,3.0,480.0,2.0,399000.0,2.0,apartment,-5.8821365,-35.1722172
121.0,3.0,3.0,0.0,2.0,580000.0,3.0,apartment,-5.781494,-35.1998741
136.0,4.0,0.0,0.0,3.0,670000.0,3.0,apartment,-5.8032096,-35.2002054
55.0,0.0,2.0,180.0,0.0,125000.0,1.0,apartment,-5.8521764,-35.2568875
164.0,3.0,4.0,0.0,2.0,600000.0,2.0,other,-5.8799135,-35.1998728
270.0,3.0,4.0,0.0,3.0,600000.0,2.0,house,0.0,0.0
72.0,1.0,2.0,0.0,1.0,265000.0,0.0,apartment,-5.8437235,-35.2214483
641.0,3.0,11.0,0.0,1.0,2300000.0,11.0,other,-5.8784962,-35.1752621
450.0,1.0,4.0,0.0,6.0,680000.0,3.0,house,-5.8576398,-35.2014489
123.0,5.0,3.0,480.0,2.0,670000.0,3.0,apartment,-5.8437235,-35.2214483
82.0,2.0,2.0,380.0,1.0,190000.0,1.0,apartment,-5.7786243,-35.1954989
94.0,1.0,3.0,0.0,0.0,180000.0,0.0,house,-5.7973422,-35.232209
40.0,0.0,1.0,0.0,1.0,160000.0,0.0,other,0.0,0.0
33.0,0.0,1.0,0.0,1.0,220000.0,0.0,apartment,-5.8821365,-35.1722172
324.0,3.0,0.0,0.0,0.0,600000.0,0.0,other,-5.8154225,-35.2061012
93.0,3.0,3.0,650.0,2.0,450000.0,1.0,apartment,-5.8437235,-35.2214483
75.0,1.0,3.0,483.0,2.0,310000.0,1.0,apartment,-5.8437235,-35.2214483
109.0,1.0,3.0,578.0,2.0,610000.0,2.0,apartment,-5.8576398,-35.2014489
64.0,1.0,2.0,0.0,1.0,255000.0,1.0,apartment,-5.8437235,-35.2214483
180.0,2.0,3.0,1300.0,2.0,550000.0,1.0,apartment,-5.8032096,-35.2002054
300.0,2.0,4.0,0.0,3.0,750000.0,2.0,house,-5.8214697,-35.2168115
240.0,6.0,4.0,1500.0,4.0,900000.0,4.0,apartment,0.0,0.0
180.0,3.0,2.0,0.0,4.0,800000.0,2.0,house,-5.8854861,-35.1681283
500.0,2.0,7.0,0.0,8.0,950000.0,3.0,house,-5.8576398,-35.2014489
534.0,1.0,6.0,0.0,8.0,1500000.0,5.0,house,-5.8437235,-35.2214483
21.0,1.0,1.0,660.0,1.0,135000.0,1.0,other,-5.8821365,-35.1722172
110.0,3.0,3.0,750.0,2.0,550000.0,2.0,apartment,-5.8821365,-35.1722172
157.0,2.0,3.0,750.0,1.0,460000.0,1.0,apartment,-5.8600136,-35.1998189
96.0,1.0,3.0,590.0,2.0,550000.0,2.0,apartment,-5.8032096,-35.2002054
134.0,3.0,4.0,0.0,0.0,195000.0,1.0,house,-5.8225961,-35.2413934
103.0,4.0,3.0,0.0,2.0,350000.0,3.0,apartment,-5.8347074,-35.2243579
60.0,2.0,2.0,250.0,1.0,163000.0,1.0,apartment,-5.8666079,-35.2088062
350.0,1.0,4.0,2000.0,4.0,1800000.0,4.0,apartment,-5.8012333,-35.203156
250.0,1.0,3.0,0.0,1.0,490000.0,3.0,house,-5.8226937,-35.2126403
570.0,0.0,3.0,0.0,3.0,460000.0,1.0,house,-5.8666079,-35.2088062
391.0,6.0,5.0,0.0,4.0,590000.0,4.0,house,-5.7639762,-35.2554625
90.0,1.0,3.0,310.0,2.0,375000.0,1.0,apartment,-5.8821365,-35.1722172
178.0,1.0,3.0,0.0,5.0,450000.0,1.0,house,-5.8576398,-35.2014489
56.0,2.0,2.0,414.0,1.0,230000.0,1.0,apartment,-5.8187773,-35.2166551
138.0,2.0,3.0,400.0,2.0,310000.0,1.0,apartment,-5.8821365,-35.1722172
274.0,1.0,3.0,0.0,4.0,450000.0,2.0,house,-5.8576398,-35.2014489
236.0,6.0,3.0,815.0,3.0,1050000.0,3.0,other,-5.8253734,-35.2113637
57.0,1.0,2.0,0.0,1.0,210000.0,1.0,apartment,-5.8437235,-35.2214483
75.0,2.0,3.0,330.0,0.0,260000.0,1.0,apartment,-5.7775126,-35.2013557
45.0,1.0,1.0,200.0,1.0,320000.0,0.0,apartment,-5.8821365,-35.1722172
495.0,2.0,3.0,0.0,1.0,600000.0,1.0,apartment,-5.8135576,-35.2008242
180.0,4.0,3.0,0.0,1.0,300000.0,3.0,house,-5.7828715,-35.2045135
300.0,1.0,3.0,0.0,4.0,600000.0,3.0,house,-5.8576398,-35.2014489
90.0,3.0,3.0,240.0,2.0,225000.0,1.0,apartment,-5.8576398,-35.2014489
264.0,1.0,3.0,0.0,3.0,650000.0,3.0,apartment,-5.8437235,-35.2214483
61.0,0.0,2.0,170.0,0.0,169900.0,0.0,house,-5.8521764,-35.2568875
98.0,1.0,3.0,0.0,2.0,360000.0,1.0,apartment,-5.8576398,-35.2014489
460.0,1.0,5.0,0.0,2.0,800000.0,3.0,house,-5.8576398,-35.2014489
55.0,2.0,2.0,200.0,2.0,305500.0,1.0,apartment,-5.8576398,-35.2014489
54.0,1.0,2.0,0.0,1.0,175000.0,1.0,apartment,-5.8821365,-35.1722172
76.0,0.0,3.0,660.0,1.0,220000.0,0.0,apartment,-5.8032096,-35.2002054
72.0,1.0,3.0,0.0,1.0,230000.0,1.0,apartment,-5.8437235,-35.2214483
105.0,1.0,3.0,0.0,0.0,175000.0,1.0,house,-5.8089827,-35.2272512
284.0,1.0,4.0,0.0,4.0,650000.0,3.0,house,-5.8576398,-35.2014489
100.0,2.0,3.0,100.0,2.0,550000.0,1.0,apartment,0.0,0.0
40.0,1.0,0.0,0.0,0.0,165000.0,0.0,other,-5.8032096,-35.2002054
150.0,0.0,3.0,0.0,4.0,600000.0,2.0,house,-5.8437235,-35.2214483
58.0,2.0,2.0,500.0,1.0,300000.0,1.0,apartment,0.0,0.0
600.0,5.0,5.0,0.0,4.0,1300000.0,4.0,house,-5.8690614,-35.1911067
192.0,3.0,3.0,0.0,2.0,370000.0,2.0,house,-5.8418961,-35.2162254
94.0,1.0,3.0,650.0,2.0,300000.0,1.0,apartment,-5.8821365,-35.1722172
352.0,3.0,3.0,0.0,3.0,300000.0,1.0,house,-5.7978488,-35.2092207
280.0,1.0,4.0,0.0,4.0,2275000.0,4.0,apartment,-5.7869014,-35.1902633
113.0,4.0,3.0,500.0,2.0,550000.0,2.0,apartment,-5.8243506,-35.2181326
91.0,2.0,3.0,0.0,2.0,415000.0,1.0,apartment,-5.8576398,-35.2014489
350.0,0.0,4.0,0.0,4.0,1800000.0,4.0,apartment,-5.8032096,-35.2002054
48.0,1.0,2.0,350.0,1.0,193900.0,0.0,apartment,0.0,0.0
280.0,5.0,3.0,1100.0,3.0,1350000.0,2.0,other,-5.8999907,-35.1759866
160.0,3.0,3.0,1000.0,2.0,530000.0,2.0,apartment,-5.8032096,-35.2002054
58.0,2.0,2.0,210.0,0.0,130000.0,0.0,apartment,-5.8574318,-35.2057501
214.0,5.0,4.0,1700.0,3.0,1200000.0,4.0,apartment,-5.7767142,-35.2062156
53.0,1.0,1.0,1350.0,2.0,270000.0,0.0,other,-5.7869014,-35.1902633
290.0,1.0,4.0,0.0,4.0,695000.0,4.0,house,-5.8576398,-35.2014489
76.0,1.0,3.0,0.0,2.0,283000.0,1.0,apartment,-5.8666079,-35.2088062
300.0,0.0,6.0,0.0,4.0,500000.0,4.0,house,-5.8726272,-35.188166
74.0,1.0,2.0,0.0,2.0,290000.0,0.0,house,-5.8032096,-35.2002054
54.0,2.0,2.0,0.0,1.0,260000.0,1.0,apartment,-5.8821365,-35.1722172
240.0,4.0,3.0,0.0,4.0,420000.0,3.0,house,-5.8194362,-35.2253799
110.0,1.0,1.0,730.0,1.0,350000.0,1.0,apartment,-5.8821365,-35.1722172
100.0,1.0,3.0,0.0,2.0,410000.0,1.0,apartment,-5.8437235,-35.2214483
48.0,1.0,1.0,300.0,1.0,179000.0,0.0,other,0.0,0.0
58.0,2.0,2.0,340.0,1.0,240000.0,1.0,apartment,-5.8666079,-35.2088062
168.0,4.0,3.0,0.0,3.0,750000.0,3.0,apartment,-5.8069157,-35.216795
330.0,0.0,4.0,0.0,4.0,650000.0,4.0,house,-5.8576398,-35.2014489
109.0,1.0,4.0,0.0,2.0,510000.0,2.0,apartment,-5.8576398,-35.2014489
140.0,3.0,3.0,0.0,3.0,300000.0,2.0,house,-5.8437235,-35.2214483
54.0,0.0,0.0,260.0,1.0,270000.0,2.0,apartment,-5.8821365,-35.1722172
117.0,1.0,4.0,0.0,2.0,465000.0,1.0,apartment,-5.8666079,-35.2088062
136.0,5.0,3.0,0.0,3.0,850000.0,3.0,apartment,-5.8163039,-35.2204887
57.0,2.0,2.0,350.0,1.0,210000.0,1.0,apartment,-5.8437235,-35.2214483
128.0,5.0,3.0,930.0,2.0,700000.0,3.0,apartment,-5.8248843,-35.2127737
76.0,1.0,3.0,315.0,1.0,395000.0,1.0,apartment,-5.8576398,-35.2014489
89.0,1.0,3.0,150.0,1.0,180000.0,0.0,apartment,-5.8603397,-35.2094385
400.0,0.0,5.0,0.0,2.0,680000.0,4.0,house,-5.8576398,-35.2014489
54.0,2.0,2.0,0.0,1.0,280000.0,1.0,apartment,-5.8576398,-35.2014489
61.0,1.0,2.0,0.0,1.0,300000.0,1.0,apartment,-5.8576398,-35.2014489
25.0,1.0,1.0,700.0,1.0,105000.0,1.0,other,-5.8730875,-35.1800373
190.0,5.0,4.0,0.0,2.0,1300000.0,2.0,other,0.0,0.0
250.0,3.0,3.0,0.0,4.0,550000.0,1.0,house,0.0,0.0
80.0,2.0,2.0,600.0,1.0,220000.0,1.0,apartment,0.0,0.0
449.0,5.0,5.0,0.0,0.0,1100000.0,5.0,house,-5.8833757,-35.1810368
115.0,1.0,3.0,845.0,2.0,550000.0,1.0,apartment,-5.8073333,-35.2106714
55.0,2.0,2.0,329.0,1.0,180000.0,0.0,apartment,-5.8437235,-35.2214483
230.0,1.0,4.0,0.0,4.0,550000.0,1.0,house,-5.8437235,-35.2214483
155.0,3.0,3.0,450.0,2.0,450000.0,1.0,apartment,-5.8032096,-35.2002054
30.0,0.0,0.0,0.0,1.0,160000.0,1.0,apartment,-5.8821365,-35.1722172
220.0,0.0,4.0,0.0,2.0,750000.0,3.0,house,-5.8073333,-35.2106714
54.0,2.0,2.0,0.0,1.0,275000.0,1.0,apartment,-5.8821365,-35.1722172
293.0,6.0,6.0,0.0,2.0,700000.0,4.0,house,-5.8791023,-35.1831499
136.0,0.0,3.0,0.0,4.0,300000.0,1.0,house,-5.7988797,-35.2188577
68.0,2.0,3.0,300.0,1.0,270000.0,1.0,apartment,-5.8669345,-35.191136
140.0,4.0,3.0,0.0,1.0,350000.0,3.0,apartment,-5.8624143,-35.1967263
120.0,3.0,3.0,0.0,2.0,370000.0,1.0,house,-5.8633093,-35.2324324
65.0,2.0,2.0,428.0,1.0,150000.0,0.0,apartment,-5.8576398,-35.2014489
98.0,3.0,3.0,650.0,2.0,349000.0,1.0,apartment,-5.8821365,-35.1722172
250.0,0.0,12.0,0.0,2.0,900000.0,8.0,other,-5.8731749,-35.1833109
96.0,3.0,3.0,930.0,2.0,450000.0,2.0,apartment,-5.8576398,-35.2014489
39.0,0.0,0.0,0.0,0.0,295000.0,0.0,other,-5.8032096,-35.2002054
80.0,0.0,0.0,430.0,0.0,430000.0,0.0,apartment,-5.8032096,-35.2002054
210.0,4.0,3.0,0.0,2.0,600000.0,3.0,house,0.0,0.0
260.0,1.0,4.0,0.0,3.0,550000.0,4.0,house,-5.8576398,-35.2014489
282.0,6.0,4.0,0.0,4.0,2400000.0,3.0,apartment,-5.783788,-35.1913745
108.0,1.0,4.0,0.0,2.0,559503.0,2.0,apartment,-5.8576398,-35.2014489
55.0,2.0,2.0,0.0,0.0,260000.0,1.0,apartment,-5.8751758,-35.1791324
400.0,0.0,0.0,0.0,0.0,1300000.0,0.0,other,-5.7856388,-35.20926
48.0,1.0,1.0,300.0,1.0,230900.0,1.0,apartment,0.0,0.0
76.0,2.0,3.0,460.0,2.0,350000.0,1.0,apartment,-5.8437235,-35.2214483
24.0,1.0,0.0,0.0,0.0,120000.0,0.0,other,-5.8437235,-35.2214483
75.0,2.0,3.0,480.0,1.0,335000.0,1.0,apartment,-5.8600136,-35.1998189
77.0,2.0,3.0,480.0,1.0,320000.0,1.0,apartment,-5.8600136,-35.1998189
178.0,0.0,3.0,1100.0,2.0,570000.0,2.0,apartment,-5.8576398,-35.2014489
150.0,4.0,4.0,1050.0,0.0,850000.0,3.0,apartment,-5.8209603,-35.2182387
400.0,5.0,4.0,0.0,3.0,800000.0,4.0,house,-5.8731749,-35.1833109
480.0,0.0,0.0,0.0,0.0,5534000.0,3.0,apartment,-5.7845495,-35.1984438
96.0,3.0,3.0,420.0,2.0,135000.0,2.0,apartment,0.0,0.0
79.0,2.0,3.0,500.0,2.0,600000.0,1.0,apartment,-5.8999907,-35.1759866
180.0,1.0,2.0,0.0,4.0,390000.0,1.0,house,-5.8821365,-35.1722172
81.0,2.0,3.0,600.0,1.0,360000.0,1.0,apartment,-5.8600136,-35.1998189
77.0,2.0,3.0,480.0,1.0,290000.0,1.0,apartment,-5.8600136,-35.1998189
77.0,2.0,3.0,480.0,1.0,340000.0,1.0,apartment,-5.8600136,-35.1998189
55.0,1.0,2.0,0.0,1.0,400000.0,1.0,apartment,-5.8821365,-35.1722172
161.0,2.0,3.0,750.0,1.0,480000.0,1.0,apartment,-5.8600136,-35.1998189
69.0,1.0,1.0,0.0,1.0,350000.0,0.0,apartment,-5.8821365,-35.1722172
180.0,0.0,3.0,1000.0,3.0,650000.0,3.0,apartment,-5.8032096,-35.2002054
65.0,2.0,2.0,0.0,1.0,600000.0,2.0,apartment,-5.7869014,-35.1902633
96.0,2.0,3.0,0.0,1.0,450000.0,1.0,apartment,-5.8437235,-35.2214483
64.0,3.0,2.0,0.0,1.0,325000.0,2.0,apartment,-5.7869014,-35.1902633
348.0,1.0,5.0,0.0,5.0,650000.0,4.0,house,-5.8576398,-35.2014489
65.0,1.0,2.0,160.0,1.0,169000.0,0.0,house,-5.8496133,-35.256446
240.0,5.0,5.0,0.0,4.0,590000.0,4.0,house,-5.7505819,-35.253447
154.0,3.0,4.0,900.0,4.0,710000.0,2.0,other,-5.8600136,-35.1998189
300.0,2.0,3.0,0.0,2.0,520000.0,1.0,house,-5.8633093,-35.2324324
445.0,5.0,3.0,0.0,10.0,2200000.0,3.0,house,-5.8576398,-35.2014489
57.0,0.0,1.0,450.0,1.0,195000.0,1.0,apartment,-5.8143778,-35.2089333
140.0,4.0,3.0,0.0,2.0,600000.0,3.0,apartment,0.0,0.0
180.0,1.0,3.0,0.0,6.0,650000.0,2.0,house,-5.8226937,-35.2126403
130.0,4.0,3.0,780.0,3.0,850000.0,3.0,apartment,-5.8165334,-35.2224341
56.0,2.0,2.0,300.0,1.0,155000.0,1.0,apartment,-5.8666079,-35.2088062
300.0,0.0,3.0,0.0,5.0,420000.0,1.0,house,-5.8627911,-35.1994162
62.0,2.0,2.0,1900.0,1.0,150000.0,2.0,apartment,-5.8730875,-35.1800373
420.0,2.0,3.0,0.0,6.0,650000.0,1.0,house,-5.8480353,-35.2167733
56.0,1.0,2.0,209.0,1.0,110000.0,0.0,apartment,0.0,0.0
75.0,1.0,2.0,160.0,1.0,169000.0,0.0,house,-5.8496133,-35.256446
92.0,1.0,3.0,0.0,2.0,500000.0,1.0,apartment,-5.8576398,-35.2014489
39.0,0.0,0.0,0.0,1.0,215000.0,0.0,other,-5.8032096,-35.2002054
53.0,2.0,2.0,1474.0,1.0,250000.0,1.0,other,-5.7869014,-35.1902633
105.0,4.0,0.0,0.0,4.0,680000.0,0.0,other,0.0,0.0
580.0,8.0,6.0,0.0,9.0,2300000.0,4.0,house,-5.852939,-35.2047882
121.0,3.0,2.0,700.0,2.0,900000.0,2.0,other,-5.8821365,-35.1722172
314.0,0.0,3.0,0.0,3.0,690000.0,3.0,house,-5.8437235,-35.2214483
71.0,1.0,3.0,306.0,1.0,300000.0,3.0,apartment,-5.8666079,-35.2088062
70.0,1.0,3.0,0.0,2.0,160000.0,1.0,apartment,-5.8576398,-35.2014489
94.0,2.0,3.0,350.0,0.0,230000.0,1.0,apartment,-5.8477276,-35.2130915
163.0,1.0,3.0,0.0,2.0,298000.0,1.0,apartment,-5.8576398,-35.2014489
56.0,2.0,2.0,450.0,1.0,340000.0,1.0,apartment,-5.8730875,-35.1800373
50.0,1.0,2.0,0.0,1.0,180000.0,0.0,apartment,-5.8559951,-35.2043315
336.0,2.0,0.0,0.0,0.0,800000.0,0.0,other,-5.7988797,-35.2188577
254.0,5.0,4.0,1500.0,3.0,850000.0,4.0,apartment,-5.7845495,-35.1984438
102.0,1.0,3.0,0.0,2.0,350000.0,3.0,apartment,-5.8437235,-35.2214483
109.0,1.0,3.0,0.0,3.0,560000.0,2.0,apartment,-5.8437235,-35.2214483
60.0,1.0,0.0,0.0,0.0,160000.0,0.0,other,-5.8073333,-35.2106714
98.0,3.0,3.0,650.0,1.0,270000.0,2.0,apartment,-5.8163039,-35.2204887
85.0,2.0,3.0,500.0,2.0,400000.0,1.0,apartment,-5.8269204,-35.1985475
235.0,3.0,3.0,1300.0,3.0,690000.0,3.0,apartment,0.0,0.0
245.0,6.0,0.0,1500.0,3.0,790000.0,4.0,apartment,-5.7845495,-35.1984438
253.0,2.0,3.0,0.0,4.0,789000.0,3.0,house,-5.8576398,-35.2014489
250.0,1.0,3.0,0.0,1.0,320000.0,1.0,house,-5.8437235,-35.2214483
81.0,2.0,3.0,400.0,2.0,490000.0,0.0,apartment,-5.8821365,-35.1722172
55.0,1.0,2.0,265.0,1.0,225000.0,1.0,apartment,-5.8768735,-35.2236066
330.0,5.0,4.0,0.0,4.0,1100000.0,4.0,house,0.0,0.0
91.0,2.0,3.0,450.0,2.0,480000.0,1.0,apartment,-5.8576398,-35.2014489
56.0,2.0,2.0,350.0,1.0,210000.0,1.0,apartment,-5.8666079,-35.2088062
256.0,3.0,0.0,0.0,0.0,1500000.0,0.0,other,-5.7869014,-35.1902633
43.0,1.0,0.0,0.0,2.0,350000.0,0.0,other,0.0,0.0
59.0,2.0,2.0,0.0,1.0,130000.0,1.0,apartment,-5.8712248,-35.2266072
40.0,1.0,1.0,0.0,1.0,200000.0,0.0,other,-5.86563055,-35.1802167220062
55.0,2.0,2.0,0.0,2.0,360000.0,1.0,apartment,-5.8226937,-35.2126403
270.0,6.0,4.0,0.0,3.0,850000.0,4.0,apartment,-5.7840945,-35.1999475
176.0,3.0,3.0,0.0,2.0,550000.0,3.0,apartment,-5.7869014,-35.1902633
130.0,3.0,3.0,0.0,2.0,215000.0,2.0,house,0.0,0.0
105.0,3.0,3.0,0.0,2.0,721779.0,1.0,apartment,-5.8032096,-35.2002054
193.0,4.0,3.0,0.0,4.0,500000.0,1.0,other,-5.8559951,-35.2043315
63.0,1.0,2.0,290.0,1.0,160000.0,0.0,apartment,-5.8650038,-35.1933903
449.0,6.0,5.0,0.0,3.0,1100000.0,5.0,house,-5.8833757,-35.1810368
214.0,1.0,4.0,0.0,2.0,380000.0,0.0,house,-5.7845495,-35.1984438
500.0,8.0,8.0,0.0,6.0,790000.0,8.0,other,-5.88039875,-35.1783103
66.0,2.0,2.0,650.0,1.0,230000.0,0.0,apartment,-5.7845495,-35.1984438
280.0,0.0,4.0,0.0,0.0,650000.0,0.0,other,-5.7982704,-35.2029366
380.0,0.0,0.0,0.0,0.0,650000.0,0.0,house,-5.8437235,-35.2214483
165.0,2.0,3.0,0.0,2.0,370000.0,1.0,apartment,-5.8226937,-35.2126403
126.0,0.0,3.0,0.0,2.0,540000.0,3.0,apartment,-5.8437235,-35.2214483
448.0,0.0,0.0,0.0,4.0,850000.0,0.0,other,-5.7988797,-35.2188577
138.0,2.0,4.0,0.0,1.0,260000.0,1.0,house,-5.7972181,-35.2316702
41.0,0.0,0.0,0.0,0.0,65000.0,0.0,other,-5.8032096,-35.2002054
358.0,5.0,4.0,0.0,4.0,2500000.0,4.0,apartment,-5.7767142,-35.2062156
330.0,5.0,4.0,0.0,4.0,1100000.0,4.0,house,-5.8576398,-35.2014489
190.0,4.0,3.0,0.0,3.0,350000.0,3.0,house,-5.8440602,-35.2052513
247.0,5.0,0.0,0.0,0.0,1000000.0,0.0,other,-5.80969,-35.209456
22.0,1.0,0.0,0.0,0.0,120000.0,0.0,other,0.0,0.0
192.0,3.0,3.0,1800.0,3.0,680000.0,3.0,apartment,-5.8576398,-35.2014489
57.0,2.0,2.0,400.0,1.0,180000.0,1.0,apartment,-5.8154225,-35.2061012
194.0,1.0,3.0,0.0,4.0,850000.0,3.0,house,-5.8437235,-35.2214483
166.0,4.0,4.0,721.0,3.0,1131000.0,4.0,apartment,-5.8226937,-35.2126403
220.0,3.0,3.0,0.0,3.0,600000.0,1.0,house,-5.8768491,-35.1793486
254.0,5.0,4.0,1500.0,3.0,900000.0,4.0,apartment,-5.7845495,-35.1984438
56.0,1.0,2.0,220.0,1.0,214000.0,1.0,apartment,-5.8437235,-35.2214483
240.0,0.0,3.0,1350.0,2.0,635000.0,3.0,apartment,-5.8576398,-35.2014489
125.0,1.0,3.0,0.0,2.0,600000.0,3.0,apartment,-5.8437235,-35.2214483
150.0,4.0,3.0,850.0,3.0,330000.0,2.0,apartment,-5.8821365,-35.1722172
164.0,4.0,4.0,0.0,2.0,600000.0,2.0,other,-5.8799135,-35.1998728
59.0,2.0,2.0,470.0,1.0,270000.0,1.0,apartment,-5.8639405,-35.1979088
180.0,3.0,3.0,0.0,4.0,480000.0,1.0,house,-5.8658883,-35.1954251
56.0,1.0,2.0,0.0,1.0,290000.0,1.0,apartment,-5.8576398,-35.2014489
240.0,5.0,4.0,0.0,3.0,600000.0,3.0,house,-5.8535234,-35.2048314
42.0,1.0,1.0,300.0,1.0,179000.0,0.0,other,0.0,0.0
198.0,0.0,4.0,0.0,4.0,900000.0,3.0,apartment,-5.8437235,-35.2214483
51.0,0.0,2.0,0.0,0.0,120000.0,0.0,apartment,-5.8821365,-35.1722172
350.0,1.0,4.0,0.0,4.0,659000.0,2.0,house,-5.8576398,-35.2014489
90.0,1.0,2.0,630.0,1.0,199000.0,1.0,apartment,-5.8032096,-35.2002054
216.0,4.0,4.0,0.0,2.0,400000.0,0.0,house,0.0,0.0
90.0,1.0,2.0,0.0,2.0,139000.0,0.0,apartment,-5.7943317,-35.2023030906452
130.0,0.0,3.0,0.0,3.0,220000.0,1.0,house,-5.8633093,-35.2324324
300.0,0.0,0.0,1.0,0.0,369000.0,0.0,other,-5.8633093,-35.2324324
240.0,3.0,3.0,0.0,4.0,700000.0,3.0,apartment,0.0,0.0
57.0,1.0,3.0,90.0,1.0,125000.0,0.0,apartment,-5.8576398,-35.2014489
58.0,2.0,2.0,200.0,1.0,158000.0,1.0,apartment,-5.8666079,-35.2088062
400.0,6.0,0.0,2200.0,4.0,2280000.0,5.0,apartment,-5.7845495,-35.1984438
447.0,6.0,0.0,0.0,4.0,1950000.0,4.0,house,-5.8437235,-35.2214483
55.0,2.0,2.0,325.0,0.0,240000.0,0.0,apartment,-5.8821365,-35.1722172
90.0,3.0,3.0,350.0,2.0,329000.0,1.0,apartment,-5.823703,-35.2265761
67.0,1.0,2.0,550.0,1.0,320000.0,0.0,apartment,-5.8032096,-35.2002054
269.0,1.0,3.0,0.0,4.0,300000.0,2.0,house,-5.8546786,-35.2475918
225.0,1.0,4.0,1400.0,3.0,1350000.0,4.0,apartment,-5.7869014,-35.1902633
315.0,1.0,5.0,2500.0,3.0,680000.0,4.0,apartment,0.0,0.0
119.0,4.0,0.0,410.0,4.0,850000.0,3.0,house,0.0,0.0
188.0,2.0,5.0,0.0,3.0,300000.0,1.0,house,-5.7563426,-35.2636391
260.0,1.0,3.0,0.0,6.0,530000.0,2.0,house,-5.8576398,-35.2014489
45.0,1.0,1.0,0.0,1.0,215000.0,1.0,apartment,-5.8821365,-35.1722172
141.0,5.0,0.0,0.0,2.0,770000.0,3.0,apartment,-5.8576398,-35.2014489
47.0,1.0,2.0,300.0,1.0,179000.0,0.0,other,0.0,0.0
109.0,3.0,3.0,745.0,2.0,400000.0,1.0,apartment,-5.8999907,-35.1759866
88.0,0.0,3.0,0.0,2.0,210000.0,1.0,house,-5.8521764,-35.2568875
95.0,3.0,3.0,620.0,2.0,455000.0,1.0,apartment,0.0,0.0
42.0,1.0,1.0,650.0,1.0,220000.0,1.0,other,-5.876891,-35.1778805
350.0,5.0,4.0,0.0,4.0,1800000.0,4.0,apartment,-5.8012333,-35.203156
350.0,1.0,0.0,0.0,3.0,540000.0,4.0,house,-5.8576398,-35.2014489
80.0,1.0,3.0,0.0,2.0,320000.0,1.0,apartment,-5.8666079,-35.2088062
48.0,1.0,1.0,350.0,0.0,178000.0,0.0,apartment,0.0,0.0
62.0,1.0,2.0,0.0,1.0,120000.0,1.0,apartment,-5.8576398,-35.2014489
